<?xml version="1.0" encoding="UTF-8"?>
<metadata xml:lang="it"><Esri><CreaDate>20151016</CreaDate><CreaTime>13460300</CreaTime><ArcGISFormat>1.0</ArcGISFormat><SyncOnce>FALSE</SyncOnce><DataProperties><lineage><Process ToolSource="c:\program files (x86)\arcgis\desktop10.2\ArcToolbox\Toolboxes\Data Management Tools.tbx\ChangePrivileges" Date="20141224" Time="115253">ChangePrivileges 'Database Connections\GEODB-PUB@WIZ_U32WG.sde\WIZ_U32WG.VS_FE_CTR_2014';'Database Connections\GEODB-PUB@WIZ_U32WG.sde\WIZ_U32WG.VS_FE_CTRN_2014' wsrlregisdownload GRANT #</Process><Process ToolSource="c:\program files (x86)\arcgis\desktop10.3\ArcToolbox\Toolboxes\Data Management Tools.tbx\Append" Date="20151001" Time="193134">Append \\NETAPP02TRM\iit_share\DatiRL\sdeconnection\data\gis10p@wiz_u32wg.sde\WIZ_U32WG.VS_FE_CTRN_2014 \\NETAPP02TRM\iit_share\DatiRL\infrastrutture_mobilita.32632.copy.gdb\vs_fe_ctrn_2014 NO_TEST "AREA "AREA" true true false 8 Double 0 0 ,First,#;PERIMETER "PERIMETER" true true false 8 Double 0 0 ,First,#,\\NETAPP02TRM\iit_share\DatiRL\sdeconnection\data\gis10p@wiz_u32wg.sde\WIZ_U32WG.VS_FE_CTRN_2014,PERIMETER,-1,-1;NID "NID" true true false 4 Long 0 0 ,First,#,\\NETAPP02TRM\iit_share\DatiRL\sdeconnection\data\gis10p@wiz_u32wg.sde\WIZ_U32WG.VS_FE_CTRN_2014,NID,-1,-1;TIPO_EVE "TIPO_EVE" true true false 3 Text 0 0 ,First,#,\\NETAPP02TRM\iit_share\DatiRL\sdeconnection\data\gis10p@wiz_u32wg.sde\WIZ_U32WG.VS_FE_CTRN_2014,TIPO_EVE,-1,-1;DTIPO_EVE "DTIPO_EVE" true true false 100 Text 0 0 ,First,#,\\NETAPP02TRM\iit_share\DatiRL\sdeconnection\data\gis10p@wiz_u32wg.sde\WIZ_U32WG.VS_FE_CTRN_2014,DTIPO_EVE,-1,-1;EID_EVE "EID_EVE" true true false 4 Long 0 0 ,First,#,\\NETAPP02TRM\iit_share\DatiRL\sdeconnection\data\gis10p@wiz_u32wg.sde\WIZ_U32WG.VS_FE_CTRN_2014,EID_EVE,-1,-1;NOME_BV "NOME_BV" true true false 50 Text 0 0 ,First,#,\\NETAPP02TRM\iit_share\DatiRL\sdeconnection\data\gis10p@wiz_u32wg.sde\WIZ_U32WG.VS_FE_CTRN_2014,NOME_BV,-1,-1;NOME_CI "NOME_CI" true true false 50 Text 0 0 ,First,#,\\NETAPP02TRM\iit_share\DatiRL\sdeconnection\data\gis10p@wiz_u32wg.sde\WIZ_U32WG.VS_FE_CTRN_2014,NOME_CI,-1,-1;TIPO_MOD "TIPO_MOD" true true false 3 Text 0 0 ,First,#,\\NETAPP02TRM\iit_share\DatiRL\sdeconnection\data\gis10p@wiz_u32wg.sde\WIZ_U32WG.VS_FE_CTRN_2014,TIPO_MOD,-1,-1;DTIPO_MOD "DTIPO_MOD" true true false 100 Text 0 0 ,First,#,\\NETAPP02TRM\iit_share\DatiRL\sdeconnection\data\gis10p@wiz_u32wg.sde\WIZ_U32WG.VS_FE_CTRN_2014,DTIPO_MOD,-1,-1;EID_MOD "EID_MOD" true true false 4 Long 0 0 ,First,#,\\NETAPP02TRM\iit_share\DatiRL\sdeconnection\data\gis10p@wiz_u32wg.sde\WIZ_U32WG.VS_FE_CTRN_2014,EID_MOD,-1,-1;NOME_SF "NOME_SF" true true false 50 Text 0 0 ,First,#,\\NETAPP02TRM\iit_share\DatiRL\sdeconnection\data\gis10p@wiz_u32wg.sde\WIZ_U32WG.VS_FE_CTRN_2014,NOME_SF,-1,-1;GESTORE "GESTORE" true true false 5 Text 0 0 ,First,#,\\NETAPP02TRM\iit_share\DatiRL\sdeconnection\data\gis10p@wiz_u32wg.sde\WIZ_U32WG.VS_FE_CTRN_2014,GESTORE,-1,-1;STATO "STATO" true true false 10 Text 0 0 ,First,#,\\NETAPP02TRM\iit_share\DatiRL\sdeconnection\data\gis10p@wiz_u32wg.sde\WIZ_U32WG.VS_FE_CTRN_2014,STATO,-1,-1" #</Process><Process ToolSource="c:\program files (x86)\arcgis\desktop10.3\ArcToolbox\Toolboxes\Data Management Tools.tbx\Copy" Date="20151016" Time="134603">Copy \\NETAPP02TRM\iit_share\DatiRL\infrastrutture_mobilita.32632.gdb\VS_FE_CTRN_2014 X:\utility\copyLayerFromFgdbTOPub\wiz_u32wg_dest.sde\WIZ_U32WG.VS_FE_CTRN_2014 FeatureClass</Process><Process ToolSource="c:\program files (x86)\arcgis\desktop10.3\ArcToolbox\Toolboxes\Data Management Tools.tbx\ChangePrivileges" Date="20151020" Time="183046">ChangePrivileges 'Database Connections\geodb-pub.lispa.local - wiz_u32wg.sde\WIZ_U32WG.VS_EA_CTR';'Database Connections\geodb-pub.lispa.local - wiz_u32wg.sde\WIZ_U32WG.VS_EL_CTR';'Database Connections\geodb-pub.lispa.local - wiz_u32wg.sde\WIZ_U32WG.VS_EP_CTR';'Database Connections\geodb-pub.lispa.local - wiz_u32wg.sde\WIZ_U32WG.VS_ERSAF_SUOLO80';'Database Connections\geodb-pub.lispa.local - wiz_u32wg.sde\WIZ_U32WG.VS_FE_CTR';'Database Connections\geodb-pub.lispa.local - wiz_u32wg.sde\WIZ_U32WG.VS_FE_CTR_2014';'Database Connections\geodb-pub.lispa.local - wiz_u32wg.sde\WIZ_U32WG.VS_FE_CTRN';'Database Connections\geodb-pub.lispa.local - wiz_u32wg.sde\WIZ_U32WG.VS_FE_CTRN_2014';'Database Connections\geodb-pub.lispa.local - wiz_u32wg.sde\WIZ_U32WG.VS_FI_CTR';'Database Connections\geodb-pub.lispa.local - wiz_u32wg.sde\WIZ_U32WG.VS_FILARI_GAI_UW';'Database Connections\geodb-pub.lispa.local - wiz_u32wg.sde\WIZ_U32WG.VS_GEOSIRBEC_BENICUL_PUN_GP2';'Database Connections\geodb-pub.lispa.local - wiz_u32wg.sde\WIZ_U32WG.VS_GEOSIRBEC_BENICULTUR_POL_GP';'Database Connections\geodb-pub.lispa.local - wiz_u32wg.sde\WIZ_U32WG.VS_GEOSIRBEC_BENICULTUR_PUN_GP';'Database Connections\geodb-pub.lispa.local - wiz_u32wg.sde\WIZ_U32WG.VS_GH_CTR';'Database Connections\geodb-pub.lispa.local - wiz_u32wg.sde\WIZ_U32WG.VS_ID_CTRN';'Database Connections\geodb-pub.lispa.local - wiz_u32wg.sde\WIZ_U32WG.VS_IDRO_UTM_RETE_SIBITER';'Database Connections\geodb-pub.lispa.local - wiz_u32wg.sde\WIZ_U32WG.VS_IF_CTR';'Database Connections\geodb-pub.lispa.local - wiz_u32wg.sde\WIZ_U32WG.VS_IF_CTRN';'Database Connections\geodb-pub.lispa.local - wiz_u32wg.sde\WIZ_U32WG.VS_IP_CTR';'Database Connections\geodb-pub.lispa.local - wiz_u32wg.sde\WIZ_U32WG.VS_IS_CTR';'Database Connections\geodb-pub.lispa.local - wiz_u32wg.sde\WIZ_U32WG.VS_LC_CTR';'Database Connections\geodb-pub.lispa.local - wiz_u32wg.sde\WIZ_U32WG.VS_LG_CTR';'Database Connections\geodb-pub.lispa.local - wiz_u32wg.sde\WIZ_U32WG.VS_LO_CTR';'Database Connections\geodb-pub.lispa.local - wiz_u32wg.sde\WIZ_U32WG.VS_LO_CTR_09';'Database Connections\geodb-pub.lispa.local - wiz_u32wg.sde\WIZ_U32WG.VS_LO_CTR_09_CAPOLUOGHI';'Database Connections\geodb-pub.lispa.local - wiz_u32wg.sde\WIZ_U32WG.VS_LO_CTR_09_PL';'Database Connections\geodb-pub.lispa.local - wiz_u32wg.sde\WIZ_U32WG.VS_MIRCA_COMUNI';'Database Connections\geodb-pub.lispa.local - wiz_u32wg.sde\WIZ_U32WG.VS_MIRCA_PIANI_ACUSTICI';'Database Connections\geodb-pub.lispa.local - wiz_u32wg.sde\WIZ_U32WG.VS_MM_CTR';'Database Connections\geodb-pub.lispa.local - wiz_u32wg.sde\WIZ_U32WG.VS_MM_CTR_2013';'Database Connections\geodb-pub.lispa.local - wiz_u32wg.sde\WIZ_U32WG.VS_MM_CTRN';'Database Connections\geodb-pub.lispa.local - wiz_u32wg.sde\WIZ_U32WG.VS_MM_CTRN_2013';'Database Connections\geodb-pub.lispa.local - wiz_u32wg.sde\WIZ_U32WG.VS_MOS_AGRICOLO';'Database Connections\geodb-pub.lispa.local - wiz_u32wg.sde\WIZ_U32WG.VS_MOS_AGRICOLO_ESISTENTE';'Database Connections\geodb-pub.lispa.local - wiz_u32wg.sde\WIZ_U32WG.VS_MOS_AGRICOLO_PREVISTO';'Database Connections\geodb-pub.lispa.local - wiz_u32wg.sde\WIZ_U32WG.VS_MOS_AREE_ESTRATT_ESIS';'Database Connections\geodb-pub.lispa.local - wiz_u32wg.sde\WIZ_U32WG.VS_MOS_AREE_ESTRATT_PREVIS';'Database Connections\geodb-pub.lispa.local - wiz_u32wg.sde\WIZ_U32WG.VS_MOS_AREE_ESTRATTIVE';'Database Connections\geodb-pub.lispa.local - wiz_u32wg.sde\WIZ_U32WG.VS_MOS_AZZONAMENTI_COMUNALI';'Database Connections\geodb-pub.lispa.local - wiz_u32wg.sde\WIZ_U32WG.VS_MOS_BOSCHI';'Database Connections\geodb-pub.lispa.local - wiz_u32wg.sde\WIZ_U32WG.VS_MOS_BOSCHI_ESISTENTE';'Database Connections\geodb-pub.lispa.local - wiz_u32wg.sde\WIZ_U32WG.VS_MOS_BOSCHI_PREVISTO';'Database Connections\geodb-pub.lispa.local - wiz_u32wg.sde\WIZ_U32WG.VS_MOS_COMMERC_DIREZ_ESIST';'Database Connections\geodb-pub.lispa.local - wiz_u32wg.sde\WIZ_U32WG.VS_MOS_COMMERC_DIREZ_PREVIS';'Database Connections\geodb-pub.lispa.local - wiz_u32wg.sde\WIZ_U32WG.VS_MOS_COMMERC_DIREZIONALE';'Database Connections\geodb-pub.lispa.local - wiz_u32wg.sde\WIZ_U32WG.VS_MOS_CORPI_IDRICI';'Database Connections\geodb-pub.lispa.local - wiz_u32wg.sde\WIZ_U32WG.VS_MOS_CORPI_IDRICI_ESIST';'Database Connections\geodb-pub.lispa.local - wiz_u32wg.sde\WIZ_U32WG.VS_MOS_CORPI_IDRICI_PREVIS';'Database Connections\geodb-pub.lispa.local - wiz_u32wg.sde\WIZ_U32WG.VS_MOS_DEST_VIN_PRG_AREA_RI';'Database Connections\geodb-pub.lispa.local - wiz_u32wg.sde\WIZ_U32WG.VS_MOS_DEST_VIN_SPECIF_PRG';'Database Connections\geodb-pub.lispa.local - wiz_u32wg.sde\WIZ_U32WG.VS_MOS_DEST_VINC_AREE_SERV';'Database Connections\geodb-pub.lispa.local - wiz_u32wg.sde\WIZ_U32WG.VS_MOS_DEST_VINC_IDROGEOLOG';'Database Connections\geodb-pub.lispa.local - wiz_u32wg.sde\WIZ_U32WG.VS_MOS_DEST_VINC_LEGGI_NAZ';'Database Connections\geodb-pub.lispa.local - wiz_u32wg.sde\WIZ_U32WG.VS_MOS_DEST_VINC_LG_1089_39';'Database Connections\geodb-pub.lispa.local - wiz_u32wg.sde\WIZ_U32WG.VS_MOS_DEST_VINC_LG_431_85';'Database Connections\geodb-pub.lispa.local - wiz_u32wg.sde\WIZ_U32WG.VS_MOS_DEST_VINCOLI_PRG';'Database Connections\geodb-pub.lispa.local - wiz_u32wg.sde\WIZ_U32WG.VS_MOS_INF_COMUNE';'Database Connections\geodb-pub.lispa.local - wiz_u32wg.sde\WIZ_U32WG.VS_MOS_INFR_TRASP_AREA_ESIS';'Database Connections\geodb-pub.lispa.local - wiz_u32wg.sde\WIZ_U32WG.VS_MOS_INFR_TRASP_AREA_PREV';'Database Connections\geodb-pub.lispa.local - wiz_u32wg.sde\WIZ_U32WG.VS_MOS_INFRASTR_TRASP_AREAL';'Database Connections\geodb-pub.lispa.local - wiz_u32wg.sde\WIZ_U32WG.VS_MOS_MODALITA_ATTUATIVE';'Database Connections\geodb-pub.lispa.local - wiz_u32wg.sde\WIZ_U32WG.VS_MOS_PARCHI_LOC_ISTITUITI';'Database Connections\geodb-pub.lispa.local - wiz_u32wg.sde\WIZ_U32WG.VS_MOS_PARCHI_LOC_RICONOSC';'Database Connections\geodb-pub.lispa.local - wiz_u32wg.sde\WIZ_U32WG.VS_MOS_PARCHI_LOCALI';'Database Connections\geodb-pub.lispa.local - wiz_u32wg.sde\WIZ_U32WG.VS_MOS_PARCHI_URBANI';'Database Connections\geodb-pub.lispa.local - wiz_u32wg.sde\WIZ_U32WG.VS_MOS_PERIM_DEST_VINCOLI';'Database Connections\geodb-pub.lispa.local - wiz_u32wg.sde\WIZ_U32WG.VS_MOS_PERIMETRI_VINCOLI';'Database Connections\geodb-pub.lispa.local - wiz_u32wg.sde\WIZ_U32WG.VS_MOS_POLIFUNZIONALE';'Database Connections\geodb-pub.lispa.local - wiz_u32wg.sde\WIZ_U32WG.VS_MOS_POLIFUNZIONALE_ESIST';'Database Connections\geodb-pub.lispa.local - wiz_u32wg.sde\WIZ_U32WG.VS_MOS_POLIFUNZIONALE_PREV';'Database Connections\geodb-pub.lispa.local - wiz_u32wg.sde\WIZ_U32WG.VS_MOS_PRODUTTIVO';'Database Connections\geodb-pub.lispa.local - wiz_u32wg.sde\WIZ_U32WG.VS_MOS_PRODUTTIVO_ESISTENTE';'Database Connections\geodb-pub.lispa.local - wiz_u32wg.sde\WIZ_U32WG.VS_MOS_PRODUTTIVO_PREVISTO';'Database Connections\geodb-pub.lispa.local - wiz_u32wg.sde\WIZ_U32WG.VS_MOS_RESIDENZA';'Database Connections\geodb-pub.lispa.local - wiz_u32wg.sde\WIZ_U32WG.VS_MOS_RESIDENZA_ESISTENTE';'Database Connections\geodb-pub.lispa.local - wiz_u32wg.sde\WIZ_U32WG.VS_MOS_RESIDENZA_PREVISTO';'Database Connections\geodb-pub.lispa.local - wiz_u32wg.sde\WIZ_U32WG.VS_MOS_SERV_LIV_COMUN_ESIST';'Database Connections\geodb-pub.lispa.local - wiz_u32wg.sde\WIZ_U32WG.VS_MOS_SERV_LIV_COMUN_PREV';'Database Connections\geodb-pub.lispa.local - wiz_u32wg.sde\WIZ_U32WG.VS_MOS_SERV_SOVRACOM_ESIST';'Database Connections\geodb-pub.lispa.local - wiz_u32wg.sde\WIZ_U32WG.VS_MOS_SERV_SOVRACOM_PREVIS';'Database Connections\geodb-pub.lispa.local - wiz_u32wg.sde\WIZ_U32WG.VS_MOS_SERVIZI_LIV_COMUNALE';'Database Connections\geodb-pub.lispa.local - wiz_u32wg.sde\WIZ_U32WG.VS_MOS_SERVIZI_LIV_SOVRACOM';'Database Connections\geodb-pub.lispa.local - wiz_u32wg.sde\WIZ_U32WG.VS_MOS_TURIST_RICETT_PREVIS';'Database Connections\geodb-pub.lispa.local - wiz_u32wg.sde\WIZ_U32WG.VS_MOS_TURIST_RICETTIV_ESIS';'Database Connections\geodb-pub.lispa.local - wiz_u32wg.sde\WIZ_U32WG.VS_MOS_TURISTICO_RICETTIVO';'Database Connections\geodb-pub.lispa.local - wiz_u32wg.sde\WIZ_U32WG.VS_MOS_VERDE_PRIVATO';'Database Connections\geodb-pub.lispa.local - wiz_u32wg.sde\WIZ_U32WG.VS_MOS_VERDE_PRIVATO_ESIST';'Database Connections\geodb-pub.lispa.local - wiz_u32wg.sde\WIZ_U32WG.VS_MOS_VERDE_PRIVATO_PREVIS';'Database Connections\geodb-pub.lispa.local - wiz_u32wg.sde\WIZ_U32WG.VS_MOS_VINC_AREE_SERVITU_SP';'Database Connections\geodb-pub.lispa.local - wiz_u32wg.sde\WIZ_U32WG.VS_MOS_VINC_IDROGEOLOGICO';'Database Connections\geodb-pub.lispa.local - wiz_u32wg.sde\WIZ_U32WG.VS_MOS_VINC_LEGGE_431_85';'Database Connections\geodb-pub.lispa.local - wiz_u32wg.sde\WIZ_U32WG.VS_MOS_VINC_LG_1089_39';'Database Connections\geodb-pub.lispa.local - wiz_u32wg.sde\WIZ_U32WG.VS_MOS_VINC_PAESAGGISTICI';'Database Connections\geodb-pub.lispa.local - wiz_u32wg.sde\WIZ_U32WG.VS_MOS_VINC_PRG_AREA_RISP';'Database Connections\geodb-pub.lispa.local - wiz_u32wg.sde\WIZ_U32WG.VS_MOS_VINC_PRG_NUCLEI_STOR';'Database Connections\geodb-pub.lispa.local - wiz_u32wg.sde\WIZ_U32WG.VS_MOS_VINC_PRG_SPECIF_PRG';'Database Connections\geodb-pub.lispa.local - wiz_u32wg.sde\WIZ_U32WG.VS_MOS_VINCOLI_LEGGI_NAZION';'Database Connections\geodb-pub.lispa.local - wiz_u32wg.sde\WIZ_U32WG.VS_MOS_VINCOLI_PRG';'Database Connections\geodb-pub.lispa.local - wiz_u32wg.sde\WIZ_U32WG.VS_MOS_ZONE_GOLENALI';'Database Connections\geodb-pub.lispa.local - wiz_u32wg.sde\WIZ_U32WG.VS_MOS_ZONE_GOLENALI_ESIST';'Database Connections\geodb-pub.lispa.local - wiz_u32wg.sde\WIZ_U32WG.VS_MSTR_ND_IDR';'Database Connections\geodb-pub.lispa.local - wiz_u32wg.sde\WIZ_U32WG.VS_MSTR_ROUTE_CI';'Database Connections\geodb-pub.lispa.local - wiz_u32wg.sde\WIZ_U32WG.VS_MSTR_ROUTE_RIP';'Database Connections\geodb-pub.lispa.local - wiz_u32wg.sde\WIZ_U32WG.VS_MSTR_ROUTE_SIBA';'Database Connections\geodb-pub.lispa.local - wiz_u32wg.sde\WIZ_U32WG.VS_MSTR_ROUTE_SIBITER';'Database Connections\geodb-pub.lispa.local - wiz_u32wg.sde\WIZ_U32WG.VS_NC_CTR';'Database Connections\geodb-pub.lispa.local - wiz_u32wg.sde\WIZ_U32WG.VS_ODS_OPERE_A';'Database Connections\geodb-pub.lispa.local - wiz_u32wg.sde\WIZ_U32WG.VS_ODS_OPERE_L';'Database Connections\geodb-pub.lispa.local - wiz_u32wg.sde\WIZ_U32WG.VS_ODS_OPERE_P';'Database Connections\geodb-pub.lispa.local - wiz_u32wg.sde\WIZ_U32WG.VS_ODSMS_SEGNALAZIONE_A';'Database Connections\geodb-pub.lispa.local - wiz_u32wg.sde\WIZ_U32WG.VS_ODSMS_SEGNALAZIONE_P';'Database Connections\geodb-pub.lispa.local - wiz_u32wg.sde\WIZ_U32WG.VS_ORS_UTM_C070101';'Database Connections\geodb-pub.lispa.local - wiz_u32wg.sde\WIZ_U32WG.VS_ORS_UTM_C070102';'Database Connections\geodb-pub.lispa.local - wiz_u32wg.sde\WIZ_U32WG.VS_ORS_UTM_C070201';'Database Connections\geodb-pub.lispa.local - wiz_u32wg.sde\WIZ_U32WG.VS_ORS_UTM_C070202';'Database Connections\geodb-pub.lispa.local - wiz_u32wg.sde\WIZ_U32WG.VS_ORS_UTM_C070301';'Database Connections\geodb-pub.lispa.local - wiz_u32wg.sde\WIZ_U32WG.VS_ORS_UTM_C070302';'Database Connections\geodb-pub.lispa.local - wiz_u32wg.sde\WIZ_U32WG.VS_ORS_UTM_C070401';'Database Connections\geodb-pub.lispa.local - wiz_u32wg.sde\WIZ_U32WG.VS_ORS_UTM_C070402';'Database Connections\geodb-pub.lispa.local - wiz_u32wg.sde\WIZ_U32WG.VS_ORS_UTM_C070501';'Database Connections\geodb-pub.lispa.local - wiz_u32wg.sde\WIZ_U32WG.VS_ORS_UTM_C070502';'Database Connections\geodb-pub.lispa.local - wiz_u32wg.sde\WIZ_U32WG.VS_ORS_UTM_C070701';'Database Connections\geodb-pub.lispa.local - wiz_u32wg.sde\WIZ_U32WG.VS_ORS_UTM_C070702';'Database Connections\geodb-pub.lispa.local - wiz_u32wg.sde\WIZ_U32WG.VS_PA_CTR';'Database Connections\geodb-pub.lispa.local - wiz_u32wg.sde\WIZ_U32WG.VS_PG_CTR';'Database Connections\geodb-pub.lispa.local - wiz_u32wg.sde\WIZ_U32WG.VS_PGT_AGRICOLE';'Database Connections\geodb-pub.lispa.local - wiz_u32wg.sde\WIZ_U32WG.VS_PGT_AMB_DEG';'Database Connections\geodb-pub.lispa.local - wiz_u32wg.sde\WIZ_U32WG.VS_PGT_AMB_NURB';'Database Connections\geodb-pub.lispa.local - wiz_u32wg.sde\WIZ_U32WG.VS_PGT_AMB_PAEP';'Database Connections\geodb-pub.lispa.local - wiz_u32wg.sde\WIZ_U32WG.VS_PGT_AMB_PAES';'Database Connections\geodb-pub.lispa.local - wiz_u32wg.sde\WIZ_U32WG.VS_PGT_AMB_TRAS';'Database Connections\geodb-pub.lispa.local - wiz_u32wg.sde\WIZ_U32WG.VS_PGT_AMB_URB';'Database Connections\geodb-pub.lispa.local - wiz_u32wg.sde\WIZ_U32WG.VS_PGT_AR_TRAS';'Database Connections\geodb-pub.lispa.local - wiz_u32wg.sde\WIZ_U32WG.VS_PGT_AREE_DISMESSE';'Database Connections\geodb-pub.lispa.local - wiz_u32wg.sde\WIZ_U32WG.VS_PGT_AREE_URB';'Database Connections\geodb-pub.lispa.local - wiz_u32wg.sde\WIZ_U32WG.VS_PGT_BENI_ES';'Database Connections\geodb-pub.lispa.local - wiz_u32wg.sde\WIZ_U32WG.VS_PGT_COMUNI';'Database Connections\geodb-pub.lispa.local - wiz_u32wg.sde\WIZ_U32WG.VS_PGT_COMUNI2STATO';'Database Connections\geodb-pub.lispa.local - wiz_u32wg.sde\WIZ_U32WG.VS_PGT_IMP_ES';'Database Connections\geodb-pub.lispa.local - wiz_u32wg.sde\WIZ_U32WG.VS_PGT_IMP_PROG';'Database Connections\geodb-pub.lispa.local - wiz_u32wg.sde\WIZ_U32WG.VS_PGT_MOD_ATT';'Database Connections\geodb-pub.lispa.local - wiz_u32wg.sde\WIZ_U32WG.VS_PGT_NUC_ANT';'Database Connections\geodb-pub.lispa.local - wiz_u32wg.sde\WIZ_U32WG.VS_PGT_PROVINCE';'Database Connections\geodb-pub.lispa.local - wiz_u32wg.sde\WIZ_U32WG.VS_PGT_RIR_BUFF';'Database Connections\geodb-pub.lispa.local - wiz_u32wg.sde\WIZ_U32WG.VS_PGT_RIR_IMP';'Database Connections\geodb-pub.lispa.local - wiz_u32wg.sde\WIZ_U32WG.VS_PGT_SEN_PAES';'Database Connections\geodb-pub.lispa.local - wiz_u32wg.sde\WIZ_U32WG.VS_PGT_SER_COM';'Database Connections\geodb-pub.lispa.local - wiz_u32wg.sde\WIZ_U32WG.VS_PGT_SER_SCOM';'Database Connections\geodb-pub.lispa.local - wiz_u32wg.sde\WIZ_U32WG.VS_PGT_UTM_FATTIBILITA';'Database Connections\geodb-pub.lispa.local - wiz_u32wg.sde\WIZ_U32WG.VS_PGT_UTM_REC_AREE_CRI';'Database Connections\geodb-pub.lispa.local - wiz_u32wg.sde\WIZ_U32WG.VS_PGT_UTM_REC_AREE_SUP';'Database Connections\geodb-pub.lispa.local - wiz_u32wg.sde\WIZ_U32WG.VS_PGT_UTM_REC_CORRIDOI';'Database Connections\geodb-pub.lispa.local - wiz_u32wg.sde\WIZ_U32WG.VS_PGT_UTM_REC_NODI_RET';'Database Connections\geodb-pub.lispa.local - wiz_u32wg.sde\WIZ_U32WG.VS_PGT_UTM_REC_VARCHI';'Database Connections\geodb-pub.lispa.local - wiz_u32wg.sde\WIZ_U32WG.VS_PGT_UTM_REC_ZONE_RIQ';'Database Connections\geodb-pub.lispa.local - wiz_u32wg.sde\WIZ_U32WG.VS_PGT_UTM_SIS_PG';'Database Connections\geodb-pub.lispa.local - wiz_u32wg.sde\WIZ_U32WG.VS_PGT_UTM_SIS_PL' wsrlregisdownload GRANT #</Process><Process ToolSource="c:\program files (x86)\arcgis\desktop10.3\ArcToolbox\Toolboxes\Data Management Tools.tbx\ChangePrivileges" Date="20151026" Time="163802">ChangePrivileges 'Database Connections\GEODB-PUB@WIZ_U32WG.sde\WIZ_U32WG.AREE_P_AREE_PRIOR_BIO';'Database Connections\GEODB-PUB@WIZ_U32WG.sde\WIZ_U32WG.AREE_P_RER_COR_PRI_ALT_ANTR';'Database Connections\GEODB-PUB@WIZ_U32WG.sde\WIZ_U32WG.AREE_P_RER_COR_PRI_BASMOD_ANTR';'Database Connections\GEODB-PUB@WIZ_U32WG.sde\WIZ_U32WG.AREE_P_RER_ELEM_PRI_LIVEL';'Database Connections\GEODB-PUB@WIZ_U32WG.sde\WIZ_U32WG.AREE_P_RER_ELEM_SEC_LIVEL';'Database Connections\GEODB-PUB@WIZ_U32WG.sde\WIZ_U32WG.AREE_P_RER_VARCHI';'Database Connections\GEODB-PUB@WIZ_U32WG.sde\WIZ_U32WG.AREE_P_UTM_GRIGLIE10KM_FUSO32';'Database Connections\GEODB-PUB@WIZ_U32WG.sde\WIZ_U32WG.AREE_P_UTM_GRIGLIE10KM_FUSO33';'Database Connections\GEODB-PUB@WIZ_U32WG.sde\WIZ_U32WG.AREE_P_UTM_GRIGLIE2X2';'Database Connections\GEODB-PUB@WIZ_U32WG.sde\WIZ_U32WG.AREE_P_UTM_QUADRANTE';'Database Connections\GEODB-PUB@WIZ_U32WG.sde\WIZ_U32WG.CIR_TL_CIR_ZONECANALI_CLASS';'Database Connections\GEODB-PUB@WIZ_U32WG.sde\WIZ_U32WG.CIR_TL_CIR_ZONECANALI_GESTIONE';'Database Connections\GEODB-PUB@WIZ_U32WG.sde\WIZ_U32WG.CIR_TL_CIR_ZONEFIUME_CLASS';'Database Connections\GEODB-PUB@WIZ_U32WG.sde\WIZ_U32WG.CIR_TL_CIR_ZONEFIUME_COMITT';'Database Connections\GEODB-PUB@WIZ_U32WG.sde\WIZ_U32WG.CIR_TL_CIR_ZONEFIUME_GESTIONE';'Database Connections\GEODB-PUB@WIZ_U32WG.sde\WIZ_U32WG.CIR_TL_CIR_ZONELAGO_CLASS';'Database Connections\GEODB-PUB@WIZ_U32WG.sde\WIZ_U32WG.CIR_TL_CIR_ZONELAGO_GESTIONE';'Database Connections\GEODB-PUB@WIZ_U32WG.sde\WIZ_U32WG.COMMERCIO_TL_COM_DISTR_AREEDUC';'Database Connections\GEODB-PUB@WIZ_U32WG.sde\WIZ_U32WG.COMMERCIO_TL_COM_DISTR_COMP';'Database Connections\GEODB-PUB@WIZ_U32WG.sde\WIZ_U32WG.COMMERCIO_TL_COM_DISTR_CONFINI';'Database Connections\GEODB-PUB@WIZ_U32WG.sde\WIZ_U32WG.COMMERCIO_TL_COM_FIERE';'Database Connections\GEODB-PUB@WIZ_U32WG.sde\WIZ_U32WG.COMMERCIO_TL_COM_GSV';'Database Connections\GEODB-PUB@WIZ_U32WG.sde\WIZ_U32WG.COMMERCIO_TL_COM_IST';'Database Connections\GEODB-PUB@WIZ_U32WG.sde\WIZ_U32WG.COMMERCIO_TL_COM_MERCSTOR';'Database Connections\GEODB-PUB@WIZ_U32WG.sde\WIZ_U32WG.COMMERCIO_TL_COM_MERCSTOR_PT';'Database Connections\GEODB-PUB@WIZ_U32WG.sde\WIZ_U32WG.COMMERCIO_TL_COM_METANO';'Database Connections\GEODB-PUB@WIZ_U32WG.sde\WIZ_U32WG.COMMERCIO_TL_COM_NEGLOCSTOR';'Database Connections\GEODB-PUB@WIZ_U32WG.sde\WIZ_U32WG.COMMERCIO_TL_DISTR_CAPOFILA';'Database Connections\GEODB-PUB@WIZ_U32WG.sde\WIZ_U32WG.COMMERCIO_TL_DISTR_COMUNI';'Database Connections\GEODB-PUB@WIZ_U32WG.sde\WIZ_U32WG.COMMERCIO_TL_DISTRETTI';'Database Connections\GEODB-PUB@WIZ_U32WG.sde\WIZ_U32WG.DBEXT_TL_OSPEDALI';'Database Connections\GEODB-PUB@WIZ_U32WG.sde\WIZ_U32WG.DBEXT_TL_SCUOLE';'Database Connections\GEODB-PUB@WIZ_U32WG.sde\WIZ_U32WG.DBEXT_TL_STRUTTURE_SANITARIE';'Database Connections\GEODB-PUB@WIZ_U32WG.sde\WIZ_U32WG.DBEXT_UTM_TL_FASCIA_I';'Database Connections\GEODB-PUB@WIZ_U32WG.sde\WIZ_U32WG.DBEXT_UTM_TL_FONTANILI';'Database Connections\GEODB-PUB@WIZ_U32WG.sde\WIZ_U32WG.DBEXT_UTM_TL_R_CICLABILE_GZ';'Database Connections\GEODB-PUB@WIZ_U32WG.sde\WIZ_U32WG.DBEXT_UTM_TL_R_CICLABILE_TR';'Database Connections\GEODB-PUB@WIZ_U32WG.sde\WIZ_U32WG.DBEXT_UTM_TL_ZONIZZAZIONE';'Database Connections\GEODB-PUB@WIZ_U32WG.sde\WIZ_U32WG.DBTR_VS_BI_IND';'Database Connections\GEODB-PUB@WIZ_U32WG.sde\WIZ_U32WG.DBTR_VS_CR_EDF_IS';'Database Connections\GEODB-PUB@WIZ_U32WG.sde\WIZ_U32WG.DBTR_VS_ELE_CP';'Database Connections\GEODB-PUB@WIZ_U32WG.sde\WIZ_U32WG.DBTR_VS_FIL_AL';'Database Connections\GEODB-PUB@WIZ_U32WG.sde\WIZ_U32WG.DBTR_VS_MN_INT';'Database Connections\GEODB-PUB@WIZ_U32WG.sde\WIZ_U32WG.DBTR_VS_PALO';'Database Connections\GEODB-PUB@WIZ_U32WG.sde\WIZ_U32WG.ODS_TL_OPERE_FIUMI_PG';'Database Connections\GEODB-PUB@WIZ_U32WG.sde\WIZ_U32WG.ODS_TL_OPERE_FIUMI_PL';'Database Connections\GEODB-PUB@WIZ_U32WG.sde\WIZ_U32WG.ODS_TL_OPERE_UNIONE_PG';'Database Connections\GEODB-PUB@WIZ_U32WG.sde\WIZ_U32WG.PTPR_AMBITI_CRITICITA';'Database Connections\GEODB-PUB@WIZ_U32WG.sde\WIZ_U32WG.PTPR_AMBITI_TUTELA_LAGHI';'Database Connections\GEODB-PUB@WIZ_U32WG.sde\WIZ_U32WG.PTPR_FASCE_UNITA_PAESAGGIO';'Database Connections\GEODB-PUB@WIZ_U32WG.sde\WIZ_U32WG.PTPR_LUOGHI_IDENT_REG';'Database Connections\GEODB-PUB@WIZ_U32WG.sde\WIZ_U32WG.PTPR_PAESAGGI_AGRARI';'Database Connections\GEODB-PUB@WIZ_U32WG.sde\WIZ_U32WG.PTPR_SITI_UNESCO';'Database Connections\GEODB-PUB@WIZ_U32WG.sde\WIZ_U32WG.PTPR_TRACCIATI_GUIDA_PAESAGG';'Database Connections\GEODB-PUB@WIZ_U32WG.sde\WIZ_U32WG.PTPR_TUTELA_LAGHI_ART19_C5';'Database Connections\GEODB-PUB@WIZ_U32WG.sde\WIZ_U32WG.PTPR_VISUALI_SENSIB';'Database Connections\GEODB-PUB@WIZ_U32WG.sde\WIZ_U32WG.SIBA_TL_SIBA2_TUTELA_PO';'Database Connections\GEODB-PUB@WIZ_U32WG.sde\WIZ_U32WG.SITAB_GEO_UTM_PUNTI_TGL_BOSCO';'Database Connections\GEODB-PUB@WIZ_U32WG.sde\WIZ_U32WG.SITAB_TL_BOSCO_SEME';'Database Connections\GEODB-PUB@WIZ_U32WG.sde\WIZ_U32WG.STUDIOGEO_PAIF_A';'Database Connections\GEODB-PUB@WIZ_U32WG.sde\WIZ_U32WG.STUDIOGEO_PAIF_B';'Database Connections\GEODB-PUB@WIZ_U32WG.sde\WIZ_U32WG.STUDIOGEO_PAIF_C';'Database Connections\GEODB-PUB@WIZ_U32WG.sde\WIZ_U32WG.STUDIOGEO_PAIF_D';'Database Connections\GEODB-PUB@WIZ_U32WG.sde\WIZ_U32WG.STUDIOGEO_TL_FASCE_FLUVIALI';'Database Connections\GEODB-PUB@WIZ_U32WG.sde\WIZ_U32WG.TL_AGAPU_COMUN_FINANZ';'Database Connections\GEODB-PUB@WIZ_U32WG.sde\WIZ_U32WG.TL_AGAPU_SINT_UNITARIA';'Database Connections\GEODB-PUB@WIZ_U32WG.sde\WIZ_U32WG.TL_DA_PERIC_ACL';'Database Connections\GEODB-PUB@WIZ_U32WG.sde\WIZ_U32WG.TL_DA_PERIC_RP';'Database Connections\GEODB-PUB@WIZ_U32WG.sde\WIZ_U32WG.TL_DA_PERIC_RSCM';'Database Connections\GEODB-PUB@WIZ_U32WG.sde\WIZ_U32WG.TL_DA_PERIC_RSP';'Database Connections\GEODB-PUB@WIZ_U32WG.sde\WIZ_U32WG.TL_DA_RISC_ABIT';'Database Connections\GEODB-PUB@WIZ_U32WG.sde\WIZ_U32WG.TL_DA_RISC_POL';'Database Connections\GEODB-PUB@WIZ_U32WG.sde\WIZ_U32WG.TL_DA_RISC_PT';'Database Connections\GEODB-PUB@WIZ_U32WG.sde\WIZ_U32WG.TL_DBEXT_UTM_ID_DOC_IGT';'Database Connections\GEODB-PUB@WIZ_U32WG.sde\WIZ_U32WG.TL_GHIACCIAI';'Database Connections\GEODB-PUB@WIZ_U32WG.sde\WIZ_U32WG.TL_LUNGH_GHIACCIAI';'Database Connections\GEODB-PUB@WIZ_U32WG.sde\WIZ_U32WG.TL_PTCP_ARCHEO';'Database Connections\GEODB-PUB@WIZ_U32WG.sde\WIZ_U32WG.TL_PTCP_ELETEC_p';'Database Connections\GEODB-PUB@WIZ_U32WG.sde\WIZ_U32WG.TL_PTRA_AMB_TRASF_SOVRAC';'Database Connections\GEODB-PUB@WIZ_U32WG.sde\WIZ_U32WG.TL_PTRA_AMBITI';'Database Connections\GEODB-PUB@WIZ_U32WG.sde\WIZ_U32WG.TL_PTRA_INTERF_VIS_PAES';'Database Connections\GEODB-PUB@WIZ_U32WG.sde\WIZ_U32WG.TL_PTRA_RETE_CICL_REG_SOVRALOC';'Database Connections\GEODB-PUB@WIZ_U32WG.sde\WIZ_U32WG.TL_PTUA_AREE_RIC_ACQU_PROF';'Database Connections\GEODB-PUB@WIZ_U32WG.sde\WIZ_U32WG.TL_PTUA_AREE_RIS_INTEGRATIVE';'Database Connections\GEODB-PUB@WIZ_U32WG.sde\WIZ_U32WG.TL_PTUA_AREE_RIS_OTTIMALI';'Database Connections\GEODB-PUB@WIZ_U32WG.sde\WIZ_U32WG.TL_PTUA_MACROAREA_RIS_BI';'Database Connections\GEODB-PUB@WIZ_U32WG.sde\WIZ_U32WG.TL_PTUA_PUNTI_CAPTAZIONE';'Database Connections\GEODB-PUB@WIZ_U32WG.sde\WIZ_U32WG.TL_PTUA_VULNERABILITA_IDRO';'Database Connections\GEODB-PUB@WIZ_U32WG.sde\WIZ_U32WG.TL_SITI_CONTAM_BONIFIC';'Database Connections\GEODB-PUB@WIZ_U32WG.sde\WIZ_U32WG.VIEW2LINE';'Database Connections\GEODB-PUB@WIZ_U32WG.sde\WIZ_U32WG.VIEW2POLY';'Database Connections\GEODB-PUB@WIZ_U32WG.sde\WIZ_U32WG.VIEW2POLYAREE';'Database Connections\GEODB-PUB@WIZ_U32WG.sde\WIZ_U32WG.VIEW2POLYCO';'Database Connections\GEODB-PUB@WIZ_U32WG.sde\WIZ_U32WG.VIEW2POLYDGPV';'Database Connections\GEODB-PUB@WIZ_U32WG.sde\WIZ_U32WG.VS_AA_CTR';'Database Connections\GEODB-PUB@WIZ_U32WG.sde\WIZ_U32WG.VS_AC_CTR';'Database Connections\GEODB-PUB@WIZ_U32WG.sde\WIZ_U32WG.VS_AG_CTR';'Database Connections\GEODB-PUB@WIZ_U32WG.sde\WIZ_U32WG.VS_AGAPU_AN_SPAZIALE_8C';'Database Connections\GEODB-PUB@WIZ_U32WG.sde\WIZ_U32WG.VS_AGAPU_FUNZ_MORF_SOC4SI';'Database Connections\GEODB-PUB@WIZ_U32WG.sde\WIZ_U32WG.VS_AGAPU_FUNZ_MORF_SOC7C';'Database Connections\GEODB-PUB@WIZ_U32WG.sde\WIZ_U32WG.VS_AGAPU_IMP_URB1';'Database Connections\GEODB-PUB@WIZ_U32WG.sde\WIZ_U32WG.VS_AGAPU_IMPR_URB2';'Database Connections\GEODB-PUB@WIZ_U32WG.sde\WIZ_U32WG.VS_AGAPU_MORF_TERRITOR1';'Database Connections\GEODB-PUB@WIZ_U32WG.sde\WIZ_U32WG.VS_AGAPU_MORF_TERRITOR2';'Database Connections\GEODB-PUB@WIZ_U32WG.sde\WIZ_U32WG.VS_AGAPU_MORF_TERRITOR3';'Database Connections\GEODB-PUB@WIZ_U32WG.sde\WIZ_U32WG.VS_AGAPU_MORF_TERRITOR4';'Database Connections\GEODB-PUB@WIZ_U32WG.sde\WIZ_U32WG.VS_AGAPU_SIST_TERRITORIALI';'Database Connections\GEODB-PUB@WIZ_U32WG.sde\WIZ_U32WG.VS_AGRICOLE_ART43_DISSOLTI';'Database Connections\GEODB-PUB@WIZ_U32WG.sde\WIZ_U32WG.VS_AGRICOLTURA_AGRITURISMI';'Database Connections\GEODB-PUB@WIZ_U32WG.sde\WIZ_U32WG.VS_AR_CTR';'Database Connections\GEODB-PUB@WIZ_U32WG.sde\WIZ_U32WG.VS_AS_CTR';'Database Connections\GEODB-PUB@WIZ_U32WG.sde\WIZ_U32WG.VS_AT_CTR';'Database Connections\GEODB-PUB@WIZ_U32WG.sde\WIZ_U32WG.VS_BO_CTR';'Database Connections\GEODB-PUB@WIZ_U32WG.sde\WIZ_U32WG.VS_CF_CTR';'Database Connections\GEODB-PUB@WIZ_U32WG.sde\WIZ_U32WG.VS_CL_CTR';'Database Connections\GEODB-PUB@WIZ_U32WG.sde\WIZ_U32WG.VS_CN_CTR';'Database Connections\GEODB-PUB@WIZ_U32WG.sde\WIZ_U32WG.VS_CO_CTR09_GEN_DBT_ADER';'Database Connections\GEODB-PUB@WIZ_U32WG.sde\WIZ_U32WG.VS_CP_CTR';'Database Connections\GEODB-PUB@WIZ_U32WG.sde\WIZ_U32WG.VS_CR_CTR';'Database Connections\GEODB-PUB@WIZ_U32WG.sde\WIZ_U32WG.VS_CR_CTRN';'Database Connections\GEODB-PUB@WIZ_U32WG.sde\WIZ_U32WG.VS_CS_CTR';'Database Connections\GEODB-PUB@WIZ_U32WG.sde\WIZ_U32WG.VS_DBEXT_UTM_ASL_CR';'Database Connections\GEODB-PUB@WIZ_U32WG.sde\WIZ_U32WG.VS_DBEXT_UTM_COM_EXT';'Database Connections\GEODB-PUB@WIZ_U32WG.sde\WIZ_U32WG.VS_DBEXT_UTM_LIM_AMM';'Database Connections\GEODB-PUB@WIZ_U32WG.sde\WIZ_U32WG.VS_DBEXT_UTM_PROGRAMMI';'Database Connections\GEODB-PUB@WIZ_U32WG.sde\WIZ_U32WG.VS_DI_CTR';'Database Connections\GEODB-PUB@WIZ_U32WG.sde\WIZ_U32WG.VS_DUSAF1';'Database Connections\GEODB-PUB@WIZ_U32WG.sde\WIZ_U32WG.VS_DUSAF1_FILARI';'Database Connections\GEODB-PUB@WIZ_U32WG.sde\WIZ_U32WG.VS_DUSAF2';'Database Connections\GEODB-PUB@WIZ_U32WG.sde\WIZ_U32WG.VS_DUSAF2_ANNO_UW';'Database Connections\GEODB-PUB@WIZ_U32WG.sde\WIZ_U32WG.VS_DUSAF2_FILARI_UW';'Database Connections\GEODB-PUB@WIZ_U32WG.sde\WIZ_U32WG.VS_DUSAF3';'Database Connections\GEODB-PUB@WIZ_U32WG.sde\WIZ_U32WG.VS_DUSAF3_BOSCHI_UW';'Database Connections\GEODB-PUB@WIZ_U32WG.sde\WIZ_U32WG.VS_DUSAF3_FILARI';'Database Connections\GEODB-PUB@WIZ_U32WG.sde\WIZ_U32WG.VS_DUSAF4';'Database Connections\GEODB-PUB@WIZ_U32WG.sde\WIZ_U32WG.VS_DUSAF4_FILARI';'Database Connections\GEODB-PUB@WIZ_U32WG.sde\WIZ_U32WG.VS_DUSAFGAI_UW';'Database Connections\GEODB-PUB@WIZ_U32WG.sde\WIZ_U32WG.VS_EA_CTR';'Database Connections\GEODB-PUB@WIZ_U32WG.sde\WIZ_U32WG.VS_EL_CTR';'Database Connections\GEODB-PUB@WIZ_U32WG.sde\WIZ_U32WG.VS_EP_CTR';'Database Connections\GEODB-PUB@WIZ_U32WG.sde\WIZ_U32WG.VS_ERSAF_SUOLO80';'Database Connections\GEODB-PUB@WIZ_U32WG.sde\WIZ_U32WG.VS_FE_CTR';'Database Connections\GEODB-PUB@WIZ_U32WG.sde\WIZ_U32WG.VS_FE_CTR_2014';'Database Connections\GEODB-PUB@WIZ_U32WG.sde\WIZ_U32WG.VS_FE_CTRN';'Database Connections\GEODB-PUB@WIZ_U32WG.sde\WIZ_U32WG.VS_FE_CTRN_2014';'Database Connections\GEODB-PUB@WIZ_U32WG.sde\WIZ_U32WG.VS_FI_CTR';'Database Connections\GEODB-PUB@WIZ_U32WG.sde\WIZ_U32WG.VS_FILARI_GAI_UW';'Database Connections\GEODB-PUB@WIZ_U32WG.sde\WIZ_U32WG.VS_GEOAMB_AA_CTRGEO';'Database Connections\GEODB-PUB@WIZ_U32WG.sde\WIZ_U32WG.VS_GEOAMB_DV_GEO';'Database Connections\GEODB-PUB@WIZ_U32WG.sde\WIZ_U32WG.VS_GEOAMB_GD_GEO';'Database Connections\GEODB-PUB@WIZ_U32WG.sde\WIZ_U32WG.VS_GEOAMB_NU_CTRGEO';'Database Connections\GEODB-PUB@WIZ_U32WG.sde\WIZ_U32WG.VS_GEOAMB_RN_GEO';'Database Connections\GEODB-PUB@WIZ_U32WG.sde\WIZ_U32WG.VS_GEOAMB_RP_GEO';'Database Connections\GEODB-PUB@WIZ_U32WG.sde\WIZ_U32WG.VS_GEOAMB_XF_GEO';'Database Connections\GEODB-PUB@WIZ_U32WG.sde\WIZ_U32WG.VS_GEOSIRBEC_BENICULTUR_POL_GP';'Database Connections\GEODB-PUB@WIZ_U32WG.sde\WIZ_U32WG.VS_GEOSIRBEC_BENICULTUR_PUN_GP';'Database Connections\GEODB-PUB@WIZ_U32WG.sde\WIZ_U32WG.VS_GH_CTR';'Database Connections\GEODB-PUB@WIZ_U32WG.sde\WIZ_U32WG.VS_ID_CTR';'Database Connections\GEODB-PUB@WIZ_U32WG.sde\WIZ_U32WG.VS_ID_CTRN';'Database Connections\GEODB-PUB@WIZ_U32WG.sde\WIZ_U32WG.VS_IF_CTR';'Database Connections\GEODB-PUB@WIZ_U32WG.sde\WIZ_U32WG.VS_IF_CTRN';'Database Connections\GEODB-PUB@WIZ_U32WG.sde\WIZ_U32WG.VS_IP_CTR';'Database Connections\GEODB-PUB@WIZ_U32WG.sde\WIZ_U32WG.VS_IS_CTR';'Database Connections\GEODB-PUB@WIZ_U32WG.sde\WIZ_U32WG.VS_LC_CTR';'Database Connections\GEODB-PUB@WIZ_U32WG.sde\WIZ_U32WG.VS_LG_CTR';'Database Connections\GEODB-PUB@WIZ_U32WG.sde\WIZ_U32WG.VS_LO_CTR_09';'Database Connections\GEODB-PUB@WIZ_U32WG.sde\WIZ_U32WG.VS_LOCUS_PUNTI_NO_MUSEI_GP';'Database Connections\GEODB-PUB@WIZ_U32WG.sde\WIZ_U32WG.VS_MM_CTR';'Database Connections\GEODB-PUB@WIZ_U32WG.sde\WIZ_U32WG.VS_MM_CTR_2013';'Database Connections\GEODB-PUB@WIZ_U32WG.sde\WIZ_U32WG.VS_MM_CTRN';'Database Connections\GEODB-PUB@WIZ_U32WG.sde\WIZ_U32WG.VS_MM_CTRN_2013';'Database Connections\GEODB-PUB@WIZ_U32WG.sde\WIZ_U32WG.VS_MOS_AGRICOLO';'Database Connections\GEODB-PUB@WIZ_U32WG.sde\WIZ_U32WG.VS_MOS_AREE_ESTRATTIVE';'Database Connections\GEODB-PUB@WIZ_U32WG.sde\WIZ_U32WG.VS_MOS_BOSCHI';'Database Connections\GEODB-PUB@WIZ_U32WG.sde\WIZ_U32WG.VS_MOS_COMMERC_DIREZIONALE';'Database Connections\GEODB-PUB@WIZ_U32WG.sde\WIZ_U32WG.VS_MOS_CORPI_IDRICI';'Database Connections\GEODB-PUB@WIZ_U32WG.sde\WIZ_U32WG.VS_MOS_DEST_VIN_PRG_AREA_RI';'Database Connections\GEODB-PUB@WIZ_U32WG.sde\WIZ_U32WG.VS_MOS_DEST_VIN_PRG_NUCL_ST';'Database Connections\GEODB-PUB@WIZ_U32WG.sde\WIZ_U32WG.VS_MOS_DEST_VIN_SPECIF_PRG';'Database Connections\GEODB-PUB@WIZ_U32WG.sde\WIZ_U32WG.VS_MOS_DEST_VINC_AREE_SERV';'Database Connections\GEODB-PUB@WIZ_U32WG.sde\WIZ_U32WG.VS_MOS_DEST_VINC_IDROGEOLOG';'Database Connections\GEODB-PUB@WIZ_U32WG.sde\WIZ_U32WG.VS_MOS_DEST_VINC_LG_1089_39';'Database Connections\GEODB-PUB@WIZ_U32WG.sde\WIZ_U32WG.VS_MOS_DEST_VINC_LG_431_85';'Database Connections\GEODB-PUB@WIZ_U32WG.sde\WIZ_U32WG.VS_MOS_DEST_VINC_PAESAGGIST';'Database Connections\GEODB-PUB@WIZ_U32WG.sde\WIZ_U32WG.VS_MOS_INFRASTR_TRASP_AREAL';'Database Connections\GEODB-PUB@WIZ_U32WG.sde\WIZ_U32WG.VS_MOS_MODALITA_ATTUATIVE';'Database Connections\GEODB-PUB@WIZ_U32WG.sde\WIZ_U32WG.VS_MOS_PARCHI_URBANI';'Database Connections\GEODB-PUB@WIZ_U32WG.sde\WIZ_U32WG.VS_MOS_POLIFUNZIONALE';'Database Connections\GEODB-PUB@WIZ_U32WG.sde\WIZ_U32WG.VS_MOS_PRODUTTIVO';'Database Connections\GEODB-PUB@WIZ_U32WG.sde\WIZ_U32WG.VS_MOS_RESIDENZA';'Database Connections\GEODB-PUB@WIZ_U32WG.sde\WIZ_U32WG.VS_MOS_SERVIZI_LIV_COMUNALE';'Database Connections\GEODB-PUB@WIZ_U32WG.sde\WIZ_U32WG.VS_MOS_SERVIZI_LIV_SOVRACOM';'Database Connections\GEODB-PUB@WIZ_U32WG.sde\WIZ_U32WG.VS_MOS_TURISTICO_RICETTIVO';'Database Connections\GEODB-PUB@WIZ_U32WG.sde\WIZ_U32WG.VS_MOS_VERDE_PRIVATO';'Database Connections\GEODB-PUB@WIZ_U32WG.sde\WIZ_U32WG.VS_MOS_ZONE_GOLENALI';'Database Connections\GEODB-PUB@WIZ_U32WG.sde\WIZ_U32WG.VS_NC_CTR';'Database Connections\GEODB-PUB@WIZ_U32WG.sde\WIZ_U32WG.VS_PA_CTR';'Database Connections\GEODB-PUB@WIZ_U32WG.sde\WIZ_U32WG.VS_PG_CTR';'Database Connections\GEODB-PUB@WIZ_U32WG.sde\WIZ_U32WG.VS_PGT_AGRICOLE';'Database Connections\GEODB-PUB@WIZ_U32WG.sde\WIZ_U32WG.VS_PGT_AMB_DEG';'Database Connections\GEODB-PUB@WIZ_U32WG.sde\WIZ_U32WG.VS_PGT_AMB_TRAS';'Database Connections\GEODB-PUB@WIZ_U32WG.sde\WIZ_U32WG.VS_PGT_AMB_URB';'Database Connections\GEODB-PUB@WIZ_U32WG.sde\WIZ_U32WG.VS_PGT_AR_TRAS';'Database Connections\GEODB-PUB@WIZ_U32WG.sde\WIZ_U32WG.VS_PGT_AREE_DISMESSE';'Database Connections\GEODB-PUB@WIZ_U32WG.sde\WIZ_U32WG.VS_PGT_BENI_ES';'Database Connections\GEODB-PUB@WIZ_U32WG.sde\WIZ_U32WG.VS_PGT_IMP_PROG';'Database Connections\GEODB-PUB@WIZ_U32WG.sde\WIZ_U32WG.VS_PGT_NUC_ANT';'Database Connections\GEODB-PUB@WIZ_U32WG.sde\WIZ_U32WG.VS_PGT_UTM_COMUNE_ART13_CR';'Database Connections\GEODB-PUB@WIZ_U32WG.sde\WIZ_U32WG.VS_PGT_UTM_REC_AREE_CRI';'Database Connections\GEODB-PUB@WIZ_U32WG.sde\WIZ_U32WG.VS_PGT_UTM_REC_CORRIDOI';'Database Connections\GEODB-PUB@WIZ_U32WG.sde\WIZ_U32WG.VS_PGT_UTM_REC_NODI_RET';'Database Connections\GEODB-PUB@WIZ_U32WG.sde\WIZ_U32WG.VS_PISL_INTERVENTI';'Database Connections\GEODB-PUB@WIZ_U32WG.sde\WIZ_U32WG.VS_PROTETTE_MN_PL';'Database Connections\GEODB-PUB@WIZ_U32WG.sde\WIZ_U32WG.VS_PROTETTE_MN_PT';'Database Connections\GEODB-PUB@WIZ_U32WG.sde\WIZ_U32WG.VS_PROTETTE_PA11_UW';'Database Connections\GEODB-PUB@WIZ_U32WG.sde\WIZ_U32WG.VS_PROTETTE_PAN11_UW';'Database Connections\GEODB-PUB@WIZ_U32WG.sde\WIZ_U32WG.VS_PROTETTE_PLIS';'Database Connections\GEODB-PUB@WIZ_U32WG.sde\WIZ_U32WG.VS_PROTETTE_RS_11_UW';'Database Connections\GEODB-PUB@WIZ_U32WG.sde\WIZ_U32WG.VS_PROTETTE_RS_11_UW';'Database Connections\GEODB-PUB@WIZ_U32WG.sde\WIZ_U32WG.VS_PROTETTE_SIC';'Database Connections\GEODB-PUB@WIZ_U32WG.sde\WIZ_U32WG.VS_PROTETTE_ZPS';'Database Connections\GEODB-PUB@WIZ_U32WG.sde\WIZ_U32WG.VS_PTCP_AMBAGR';'Database Connections\GEODB-PUB@WIZ_U32WG.sde\WIZ_U32WG.VS_PTCP_ARCHEO_P';'Database Connections\GEODB-PUB@WIZ_U32WG.sde\WIZ_U32WG.VS_PTCP_AREE_RIL_AMBIENTALE';'Database Connections\GEODB-PUB@WIZ_U32WG.sde\WIZ_U32WG.VS_PTCP_CENTRI_STORICI';'Database Connections\GEODB-PUB@WIZ_U32WG.sde\WIZ_U32WG.VS_PTCP_CENTURIAZIONI';'Database Connections\GEODB-PUB@WIZ_U32WG.sde\WIZ_U32WG.VS_PTCP_CORRIDOI';'Database Connections\GEODB-PUB@WIZ_U32WG.sde\WIZ_U32WG.VS_PTCP_ELEM_DEGR_PAES_POINT';'Database Connections\GEODB-PUB@WIZ_U32WG.sde\WIZ_U32WG.VS_PTCP_ELEM_VAL_VISIVO';'Database Connections\GEODB-PUB@WIZ_U32WG.sde\WIZ_U32WG.VS_PTCP_GEOSITI';'Database Connections\GEODB-PUB@WIZ_U32WG.sde\WIZ_U32WG.VS_PTCP_GEOSITI_P';'Database Connections\GEODB-PUB@WIZ_U32WG.sde\WIZ_U32WG.VS_PTCP_POLI_SVIL_RG';'Database Connections\GEODB-PUB@WIZ_U32WG.sde\WIZ_U32WG.VS_PTCP_POLI_SVIL_RG_POINT';'Database Connections\GEODB-PUB@WIZ_U32WG.sde\WIZ_U32WG.VS_PTCP_PTI_PANORAMICI';'Database Connections\GEODB-PUB@WIZ_U32WG.sde\WIZ_U32WG.VS_PTCP_RETE_METROPOL';'Database Connections\GEODB-PUB@WIZ_U32WG.sde\WIZ_U32WG.VS_PTCP_RETE_ST_PRINC';'Database Connections\GEODB-PUB@WIZ_U32WG.sde\WIZ_U32WG.VS_PTCP_SIST_RILEV_PAES_LINE';'Database Connections\GEODB-PUB@WIZ_U32WG.sde\WIZ_U32WG.VS_PTCP_UN_PAESAGGIO';'Database Connections\GEODB-PUB@WIZ_U32WG.sde\WIZ_U32WG.VS_PTCP_VAL_SIMBOL';'Database Connections\GEODB-PUB@WIZ_U32WG.sde\WIZ_U32WG.VS_PTCP_VAL_SIMBOL_POL';'Database Connections\GEODB-PUB@WIZ_U32WG.sde\WIZ_U32WG.VS_PTCP_VALGEO';'Database Connections\GEODB-PUB@WIZ_U32WG.sde\WIZ_U32WG.VS_PTCP_VALGEO_LIN';'Database Connections\GEODB-PUB@WIZ_U32WG.sde\WIZ_U32WG.VS_PTPR_GEOSITI_E_OLTREPO_PAV';'Database Connections\GEODB-PUB@WIZ_U32WG.sde\WIZ_U32WG.VS_PTPR_GEOSITI_GEOGR_ART22_C3';'Database Connections\GEODB-PUB@WIZ_U32WG.sde\WIZ_U32WG.VS_PTPR_GEOSITI_GEOLOG_ART22C4';'Database Connections\GEODB-PUB@WIZ_U32WG.sde\WIZ_U32WG.VS_PTPR_GEOSITI_PALEO_ART22C5';'Database Connections\GEODB-PUB@WIZ_U32WG.sde\WIZ_U32WG.VS_PTPR_NAVIGLI_ART21_C5';'Database Connections\GEODB-PUB@WIZ_U32WG.sde\WIZ_U32WG.VS_PTPR_NAVIGLI_GRANDE_PAVESE';'Database Connections\GEODB-PUB@WIZ_U32WG.sde\WIZ_U32WG.VS_PTPR_NAVIGLIO_ART21_C4';'Database Connections\GEODB-PUB@WIZ_U32WG.sde\WIZ_U32WG.VS_RI_CTR';'Database Connections\GEODB-PUB@WIZ_U32WG.sde\WIZ_U32WG.VS_RO_CTR';'Database Connections\GEODB-PUB@WIZ_U32WG.sde\WIZ_U32WG.VS_RS_CTR';'Database Connections\GEODB-PUB@WIZ_U32WG.sde\WIZ_U32WG.VS_SA_CTR';'Database Connections\GEODB-PUB@WIZ_U32WG.sde\WIZ_U32WG.VS_SIBA_BA';'Database Connections\GEODB-PUB@WIZ_U32WG.sde\WIZ_U32WG.VS_SIBA_BA_LIN';'Database Connections\GEODB-PUB@WIZ_U32WG.sde\WIZ_U32WG.VS_SIBA_BI';'Database Connections\GEODB-PUB@WIZ_U32WG.sde\WIZ_U32WG.VS_SIBA_FI';'Database Connections\GEODB-PUB@WIZ_U32WG.sde\WIZ_U32WG.VS_SIBA_PO';'Database Connections\GEODB-PUB@WIZ_U32WG.sde\WIZ_U32WG.VS_SIBA_VFI';'Database Connections\GEODB-PUB@WIZ_U32WG.sde\WIZ_U32WG.VS_SIBA2_PP_ART17';'Database Connections\GEODB-PUB@WIZ_U32WG.sde\WIZ_U32WG.VS_SIBA2_PP_ART18';'Database Connections\GEODB-PUB@WIZ_U32WG.sde\WIZ_U32WG.VS_SINTESI_AER_PUN';'Database Connections\GEODB-PUB@WIZ_U32WG.sde\WIZ_U32WG.VS_SINTESI_ASL_POL';'Database Connections\GEODB-PUB@WIZ_U32WG.sde\WIZ_U32WG.VS_SINTESI_CLI_LIN';'Database Connections\GEODB-PUB@WIZ_U32WG.sde\WIZ_U32WG.VS_SINTESI_CNL_LIN';'Database Connections\GEODB-PUB@WIZ_U32WG.sde\WIZ_U32WG.VS_SINTESI_DIN_POL';'Database Connections\GEODB-PUB@WIZ_U32WG.sde\WIZ_U32WG.VS_SINTESI_FER_LIN';'Database Connections\GEODB-PUB@WIZ_U32WG.sde\WIZ_U32WG.VS_SINTESI_IDR_LIN';'Database Connections\GEODB-PUB@WIZ_U32WG.sde\WIZ_U32WG.VS_SINTESI_LAI_POL';'Database Connections\GEODB-PUB@WIZ_U32WG.sde\WIZ_U32WG.VS_SINTESI_MED_POL';'Database Connections\GEODB-PUB@WIZ_U32WG.sde\WIZ_U32WG.VS_SINTESI_PRC_POL';'Database Connections\GEODB-PUB@WIZ_U32WG.sde\WIZ_U32WG.VS_SINTESI_SFONDORG';'Database Connections\GEODB-PUB@WIZ_U32WG.sde\WIZ_U32WG.VS_SINTESI_SLL_POL';'Database Connections\GEODB-PUB@WIZ_U32WG.sde\WIZ_U32WG.VS_SINTESI_STR_LIN';'Database Connections\GEODB-PUB@WIZ_U32WG.sde\WIZ_U32WG.VS_SINTESI_STZ_PUN';'Database Connections\GEODB-PUB@WIZ_U32WG.sde\WIZ_U32WG.VS_SINTESI_URB_POL';'Database Connections\GEODB-PUB@WIZ_U32WG.sde\WIZ_U32WG.VS_SINTESI_URB_PUN';'Database Connections\GEODB-PUB@WIZ_U32WG.sde\WIZ_U32WG.VS_SINTESI_USO_POL';'Database Connections\GEODB-PUB@WIZ_U32WG.sde\WIZ_U32WG.VS_SIRVAL_IF_AGG';'Database Connections\GEODB-PUB@WIZ_U32WG.sde\WIZ_U32WG.VS_SIRVAL_ML_AGG';'Database Connections\GEODB-PUB@WIZ_U32WG.sde\WIZ_U32WG.VS_SIRVAL_MP_AGG';'Database Connections\GEODB-PUB@WIZ_U32WG.sde\WIZ_U32WG.VS_SIRVAL_PF_AGG';'Database Connections\GEODB-PUB@WIZ_U32WG.sde\WIZ_U32WG.VS_SIRVAL_PL_AGG';'Database Connections\GEODB-PUB@WIZ_U32WG.sde\WIZ_U32WG.VS_SIT_AR_RICARICA_GRUPPO_D';'Database Connections\GEODB-PUB@WIZ_U32WG.sde\WIZ_U32WG.VS_SIT_AUTOSTRADE';'Database Connections\GEODB-PUB@WIZ_U32WG.sde\WIZ_U32WG.VS_SIT_BACINI10KM';'Database Connections\GEODB-PUB@WIZ_U32WG.sde\WIZ_U32WG.VS_SIT_BACINI30HA';'Database Connections\GEODB-PUB@WIZ_U32WG.sde\WIZ_U32WG.VS_SIT_BASI_ARC_ATTIV';'Database Connections\GEODB-PUB@WIZ_U32WG.sde\WIZ_U32WG.VS_SIT_BASI_BONIF';'Database Connections\GEODB-PUB@WIZ_U32WG.sde\WIZ_U32WG.VS_SIT_BASI_CANALINAVIGABIL';'Database Connections\GEODB-PUB@WIZ_U32WG.sde\WIZ_U32WG.VS_SIT_BASI_USO_SUOLO';'Database Connections\GEODB-PUB@WIZ_U32WG.sde\WIZ_U32WG.VS_SIT_DUSAF_URBANO';'Database Connections\GEODB-PUB@WIZ_U32WG.sde\WIZ_U32WG.VS_SIT_EMIBACINI30HA';'Database Connections\GEODB-PUB@WIZ_U32WG.sde\WIZ_U32WG.VS_SIT_FIUMI30';'Database Connections\GEODB-PUB@WIZ_U32WG.sde\WIZ_U32WG.VS_SIT_GEO_250K';'Database Connections\GEODB-PUB@WIZ_U32WG.sde\WIZ_U32WG.VS_SIT_GEO_250K_F';'Database Connections\GEODB-PUB@WIZ_U32WG.sde\WIZ_U32WG.VS_SIT_GRANDI_DIGHE';'Database Connections\GEODB-PUB@WIZ_U32WG.sde\WIZ_U32WG.VS_SIT_INTERSEZIONI';'Database Connections\GEODB-PUB@WIZ_U32WG.sde\WIZ_U32WG.VS_SIT_ISOPACHE_GRUPPO_D';'Database Connections\GEODB-PUB@WIZ_U32WG.sde\WIZ_U32WG.VS_SIT_LIMITI_GRUPPO_D';'Database Connections\GEODB-PUB@WIZ_U32WG.sde\WIZ_U32WG.VS_SIT_PACSI_CARTA_PED_250K';'Database Connections\GEODB-PUB@WIZ_U32WG.sde\WIZ_U32WG.VS_SIT_PACSI_CARTA_PED_50K';'Database Connections\GEODB-PUB@WIZ_U32WG.sde\WIZ_U32WG.VS_SIT_SABBIOSITA_GRUPPO_D';'Database Connections\GEODB-PUB@WIZ_U32WG.sde\WIZ_U32WG.VS_SIT_ST_IDRO';'Database Connections\GEODB-PUB@WIZ_U32WG.sde\WIZ_U32WG.VS_SIT_STRADE_PRINCIPALI';'Database Connections\GEODB-PUB@WIZ_U32WG.sde\WIZ_U32WG.VS_SIT_STRADE_SECONDARIE';'Database Connections\GEODB-PUB@WIZ_U32WG.sde\WIZ_U32WG.VS_SIT_SUP_BASALE_GRUPPO_D';'Database Connections\GEODB-PUB@WIZ_U32WG.sde\WIZ_U32WG.VS_STUDIOGEO_AR_EL_GP';'Database Connections\GEODB-PUB@WIZ_U32WG.sde\WIZ_U32WG.VS_STUDIOGEO_AR_EL_GP_EXP';'Database Connections\GEODB-PUB@WIZ_U32WG.sde\WIZ_U32WG.VS_STUDIOGEO_FATT_GP_EXP';'Database Connections\GEODB-PUB@WIZ_U32WG.sde\WIZ_U32WG.VS_STUDIOGEO_FATTIBILITA_GP';'Database Connections\GEODB-PUB@WIZ_U32WG.sde\WIZ_U32WG.VS_STUDIOGEO_ORI_PG_GP';'Database Connections\GEODB-PUB@WIZ_U32WG.sde\WIZ_U32WG.VS_STUDIOGEO_ORI_PL_GP';'Database Connections\GEODB-PUB@WIZ_U32WG.sde\WIZ_U32WG.VS_STUDIOGEO_ORI_PT_GP';'Database Connections\GEODB-PUB@WIZ_U32WG.sde\WIZ_U32WG.VS_STUDIOGEO_PGT_AGG_PG_GP';'Database Connections\GEODB-PUB@WIZ_U32WG.sde\WIZ_U32WG.VS_STUDIOGEO_PGT_AGG_PG_GP_EXP';'Database Connections\GEODB-PUB@WIZ_U32WG.sde\WIZ_U32WG.VS_STUDIOGEO_PGT_AGG_PL_GP';'Database Connections\GEODB-PUB@WIZ_U32WG.sde\WIZ_U32WG.VS_STUDIOGEO_PGT_AGG_PL_GP_EXP';'Database Connections\GEODB-PUB@WIZ_U32WG.sde\WIZ_U32WG.VS_STUDIOGEO_PGT_AGG_PT_GP';'Database Connections\GEODB-PUB@WIZ_U32WG.sde\WIZ_U32WG.VS_STUDIOGEO_PGT_AGG_PT_GP_EXP';'Database Connections\GEODB-PUB@WIZ_U32WG.sde\WIZ_U32WG.VS_STUDIOGEO_SISMICA_L_GP';'Database Connections\GEODB-PUB@WIZ_U32WG.sde\WIZ_U32WG.VS_STUDIOGEO_SISMICA_P_GP';'Database Connections\GEODB-PUB@WIZ_U32WG.sde\WIZ_U32WG.VS_STUDIOGEO_STATO_PAI_GP' WSRLREGISDOWNLOAD GRANT #</Process><Process ToolSource="c:\program files (x86)\arcgis\desktop10.4\ArcToolbox\Toolboxes\Data Management Tools.tbx\TruncateTable" Date="20180316" Time="101642">TruncateTable "Database Connections\WIZU32WG@GEODB-PUB.sde\WIZ_U32WG.VS_FE_CTRN_2014"</Process><Process ToolSource="c:\program files (x86)\arcgis\desktop10.4\ArcToolbox\Toolboxes\Data Management Tools.tbx\TruncateTable" Date="20190207" Time="160528">TruncateTable "Database Connections\WIZU32WG@GEODB-PUB.sde\WIZ_U32WG.VS_FE_CTRN_2014"</Process><Process ToolSource="c:\program files (x86)\arcgis\desktop10.4\ArcToolbox\Toolboxes\Data Management Tools.tbx\TruncateTable" Date="20190208" Time="160115">TruncateTable "Database Connections\WIZU32WG@GEODB-PUB.sde\WIZ_U32WG.VS_FE_CTRN_2014"</Process></lineage><itemProps><itemLocation><linkage Sync="TRUE">file://\\MAP1A\C$\Users\agsadmin10.ADLISPA\AppData\Local\Temp\rlregisextract\rlregisextract_gpserver\j93a19c582e474253b2803e6433a28afe\scratch\zipfolder\WIZ_U32WG_VS_FE_CTRN_2014.shp</linkage><protocol Sync="TRUE">Local Area Network</protocol></itemLocation><itemName Sync="TRUE">WIZ_U32WG_VS_FE_CTRN_2014</itemName><imsContentType Sync="TRUE">002</imsContentType><itemSize Sync="TRUE">0.000</itemSize></itemProps><coordRef><type Sync="TRUE">Projected</type><geogcsn Sync="TRUE">GCS_WGS_1984</geogcsn><csUnits Sync="TRUE">Linear Unit: Meter (1.000000)</csUnits><projcsn Sync="TRUE">WGS_1984_UTM_Zone_32N</projcsn><peXml Sync="TRUE">&lt;ProjectedCoordinateSystem xsi:type='typens:ProjectedCoordinateSystem' xmlns:xsi='http://www.w3.org/2001/XMLSchema-instance' xmlns:xs='http://www.w3.org/2001/XMLSchema' xmlns:typens='http://www.esri.com/schemas/ArcGIS/10.4'&gt;&lt;WKT&gt;PROJCS[&amp;quot;WGS_1984_UTM_Zone_32N&amp;quot;,GEOGCS[&amp;quot;GCS_WGS_1984&amp;quot;,DATUM[&amp;quot;D_WGS_1984&amp;quot;,SPHEROID[&amp;quot;WGS_1984&amp;quot;,6378137.0,298.257223563]],PRIMEM[&amp;quot;Greenwich&amp;quot;,0.0],UNIT[&amp;quot;Degree&amp;quot;,0.0174532925199433]],PROJECTION[&amp;quot;Transverse_Mercator&amp;quot;],PARAMETER[&amp;quot;False_Easting&amp;quot;,500000.0],PARAMETER[&amp;quot;False_Northing&amp;quot;,0.0],PARAMETER[&amp;quot;Central_Meridian&amp;quot;,9.0],PARAMETER[&amp;quot;Scale_Factor&amp;quot;,0.9996],PARAMETER[&amp;quot;Latitude_Of_Origin&amp;quot;,0.0],UNIT[&amp;quot;Meter&amp;quot;,1.0],AUTHORITY[&amp;quot;EPSG&amp;quot;,32632]]&lt;/WKT&gt;&lt;XOrigin&gt;-5120900&lt;/XOrigin&gt;&lt;YOrigin&gt;-9998100&lt;/YOrigin&gt;&lt;XYScale&gt;450445547.3910538&lt;/XYScale&gt;&lt;ZOrigin&gt;-100000&lt;/ZOrigin&gt;&lt;ZScale&gt;10000&lt;/ZScale&gt;&lt;MOrigin&gt;-100000&lt;/MOrigin&gt;&lt;MScale&gt;10000&lt;/MScale&gt;&lt;XYTolerance&gt;0.001&lt;/XYTolerance&gt;&lt;ZTolerance&gt;0.001&lt;/ZTolerance&gt;&lt;MTolerance&gt;0.001&lt;/MTolerance&gt;&lt;HighPrecision&gt;true&lt;/HighPrecision&gt;&lt;WKID&gt;32632&lt;/WKID&gt;&lt;LatestWKID&gt;32632&lt;/LatestWKID&gt;&lt;/ProjectedCoordinateSystem&gt;</peXml></coordRef></DataProperties><SyncDate>20210129</SyncDate><SyncTime>11324000</SyncTime><ModDate>20210129</ModDate><ModTime>11324000</ModTime></Esri><dataIdInfo><envirDesc Sync="TRUE">Microsoft Windows Server 2008 R2 Version 6.1 (Build 7601) Service Pack 1; Esri ArcGIS 10.4.1.5686</envirDesc><dataLang><languageCode value="ita" Sync="TRUE"></languageCode><countryCode value="ITA" Sync="TRUE"></countryCode></dataLang><idCitation><resTitle Sync="TRUE">WIZ_U32WG_VS_FE_CTRN_2014</resTitle><presForm><PresFormCd value="005" Sync="TRUE"></PresFormCd></presForm></idCitation><spatRpType><SpatRepTypCd value="001" Sync="TRUE"></SpatRepTypCd></spatRpType></dataIdInfo><mdLang><languageCode value="ita" Sync="TRUE"></languageCode><countryCode value="ITA" Sync="TRUE"></countryCode></mdLang><mdChar><CharSetCd value="004" Sync="TRUE"></CharSetCd></mdChar><distInfo><distFormat><formatName Sync="TRUE">Shapefile</formatName></distFormat><distTranOps><transSize Sync="TRUE">0.000</transSize></distTranOps></distInfo><mdHrLv><ScopeCd value="005" Sync="TRUE"></ScopeCd></mdHrLv><mdHrLvName Sync="TRUE">dataset</mdHrLvName><refSysInfo><RefSystem><refSysID><identCode code="32632" Sync="TRUE"></identCode><idCodeSpace Sync="TRUE">EPSG</idCodeSpace><idVersion Sync="TRUE">2.1(3.0.1)</idVersion></refSysID></RefSystem></refSysInfo><spatRepInfo><VectSpatRep><geometObjs Name="WIZ_U32WG_VS_FE_CTRN_2014"><geoObjTyp><GeoObjTypCd value="001" Sync="TRUE"></GeoObjTypCd></geoObjTyp><geoObjCnt Sync="TRUE">0</geoObjCnt></geometObjs><topLvl><TopoLevCd value="001" Sync="TRUE"></TopoLevCd></topLvl></VectSpatRep></spatRepInfo><spdoinfo><ptvctinf><esriterm Name="WIZ_U32WG_VS_FE_CTRN_2014"><efeatyp Sync="TRUE">Simple</efeatyp><efeageom code="2" Sync="TRUE"></efeageom><esritopo Sync="TRUE">FALSE</esritopo><efeacnt Sync="TRUE">0</efeacnt><spindex Sync="TRUE">FALSE</spindex><linrefer Sync="TRUE">FALSE</linrefer></esriterm></ptvctinf></spdoinfo><eainfo><detailed Name="WIZ_U32WG_VS_FE_CTRN_2014"><enttyp><enttypl Sync="TRUE">WIZ_U32WG_VS_FE_CTRN_2014</enttypl><enttypt Sync="TRUE">Feature Class</enttypt><enttypc Sync="TRUE">0</enttypc></enttyp><attr><attrlabl Sync="TRUE">FID</attrlabl><attalias Sync="TRUE">FID</attalias><attrtype Sync="TRUE">OID</attrtype><attwidth Sync="TRUE">4</attwidth><atprecis Sync="TRUE">0</atprecis><attscale Sync="TRUE">0</attscale><attrdef Sync="TRUE">Internal feature number.</attrdef><attrdefs Sync="TRUE">Esri</attrdefs><attrdomv><udom Sync="TRUE">Sequential unique whole numbers that are automatically generated.</udom></attrdomv></attr><attr><attrlabl Sync="TRUE">Shape</attrlabl><attalias Sync="TRUE">Shape</attalias><attrtype Sync="TRUE">Geometry</attrtype><attwidth Sync="TRUE">0</attwidth><atprecis Sync="TRUE">0</atprecis><attscale Sync="TRUE">0</attscale><attrdef Sync="TRUE">Feature geometry.</attrdef><attrdefs Sync="TRUE">Esri</attrdefs><attrdomv><udom Sync="TRUE">Coordinates defining the features.</udom></attrdomv></attr><attr><attrlabl Sync="TRUE">WIZ_U32WG_</attrlabl><attalias Sync="TRUE">WIZ_U32WG_</attalias><attrtype Sync="TRUE">Double</attrtype><attwidth Sync="TRUE">19</attwidth><atprecis Sync="TRUE">0</atprecis><attscale Sync="TRUE">0</attscale></attr><attr><attrlabl Sync="TRUE">PERIMETER</attrlabl><attalias Sync="TRUE">PERIMETER</attalias><attrtype Sync="TRUE">Double</attrtype><attwidth Sync="TRUE">19</attwidth><atprecis Sync="TRUE">0</atprecis><attscale Sync="TRUE">0</attscale></attr><attr><attrlabl Sync="TRUE">NID</attrlabl><attalias Sync="TRUE">NID</attalias><attrtype Sync="TRUE">Integer</attrtype><attwidth Sync="TRUE">10</attwidth><atprecis Sync="TRUE">10</atprecis><attscale Sync="TRUE">0</attscale></attr><attr><attrlabl Sync="TRUE">TIPO_EVE</attrlabl><attalias Sync="TRUE">TIPO_EVE</attalias><attrtype Sync="TRUE">String</attrtype><attwidth Sync="TRUE">3</attwidth><atprecis Sync="TRUE">0</atprecis><attscale Sync="TRUE">0</attscale></attr><attr><attrlabl Sync="TRUE">DTIPO_EVE</attrlabl><attalias Sync="TRUE">DTIPO_EVE</attalias><attrtype Sync="TRUE">String</attrtype><attwidth Sync="TRUE">100</attwidth><atprecis Sync="TRUE">0</atprecis><attscale Sync="TRUE">0</attscale></attr><attr><attrlabl Sync="TRUE">EID_EVE</attrlabl><attalias Sync="TRUE">EID_EVE</attalias><attrtype Sync="TRUE">Integer</attrtype><attwidth Sync="TRUE">10</attwidth><atprecis Sync="TRUE">10</atprecis><attscale Sync="TRUE">0</attscale></attr><attr><attrlabl Sync="TRUE">NOME_BV</attrlabl><attalias Sync="TRUE">NOME_BV</attalias><attrtype Sync="TRUE">String</attrtype><attwidth Sync="TRUE">50</attwidth><atprecis Sync="TRUE">0</atprecis><attscale Sync="TRUE">0</attscale></attr><attr><attrlabl Sync="TRUE">NOME_CI</attrlabl><attalias Sync="TRUE">NOME_CI</attalias><attrtype Sync="TRUE">String</attrtype><attwidth Sync="TRUE">50</attwidth><atprecis Sync="TRUE">0</atprecis><attscale Sync="TRUE">0</attscale></attr><attr><attrlabl Sync="TRUE">TIPO_MOD</attrlabl><attalias Sync="TRUE">TIPO_MOD</attalias><attrtype Sync="TRUE">String</attrtype><attwidth Sync="TRUE">3</attwidth><atprecis Sync="TRUE">0</atprecis><attscale Sync="TRUE">0</attscale></attr><attr><attrlabl Sync="TRUE">DTIPO_MOD</attrlabl><attalias Sync="TRUE">DTIPO_MOD</attalias><attrtype Sync="TRUE">String</attrtype><attwidth Sync="TRUE">100</attwidth><atprecis Sync="TRUE">0</atprecis><attscale Sync="TRUE">0</attscale></attr><attr><attrlabl Sync="TRUE">EID_MOD</attrlabl><attalias Sync="TRUE">EID_MOD</attalias><attrtype Sync="TRUE">Integer</attrtype><attwidth Sync="TRUE">10</attwidth><atprecis Sync="TRUE">10</atprecis><attscale Sync="TRUE">0</attscale></attr><attr><attrlabl Sync="TRUE">NOME_SF</attrlabl><attalias Sync="TRUE">NOME_SF</attalias><attrtype Sync="TRUE">String</attrtype><attwidth Sync="TRUE">50</attwidth><atprecis Sync="TRUE">0</atprecis><attscale Sync="TRUE">0</attscale></attr><attr><attrlabl Sync="TRUE">GESTORE</attrlabl><attalias Sync="TRUE">GESTORE</attalias><attrtype Sync="TRUE">String</attrtype><attwidth Sync="TRUE">5</attwidth><atprecis Sync="TRUE">0</atprecis><attscale Sync="TRUE">0</attscale></attr><attr><attrlabl Sync="TRUE">STATO</attrlabl><attalias Sync="TRUE">STATO</attalias><attrtype Sync="TRUE">String</attrtype><attwidth Sync="TRUE">10</attwidth><atprecis Sync="TRUE">0</atprecis><attscale Sync="TRUE">0</attscale></attr></detailed></eainfo><mdDateSt Sync="TRUE">20210129</mdDateSt></metadata>
