<metadata xml:lang="it"><Esri><CreaDate>20220715</CreaDate><CreaTime>15251000</CreaTime><ArcGISFormat>1.0</ArcGISFormat><ArcGISstyle>INSPIRE Metadata Directive</ArcGISstyle><SyncOnce>FALSE</SyncOnce><DataProperties><lineage><Process ToolSource="C:\Program Files (x86)\ArcGIS\Desktop10.0\ArcToolbox\Toolboxes\Data Management Tools.tbx\ChangePrivileges" Date="20121017" Time="172457">ChangePrivileges 'Database Connections\WIZ_U32WG@GEODB-PUB.sde\WIZ_U32WG.VS_PGT_AREE_DISMESSE';'Database Connections\WIZ_U32WG@GEODB-PUB.sde\WIZ_U32WG.VS_PROTETTE_MN_PL';'Database Connections\WIZ_U32WG@GEODB-PUB.sde\WIZ_U32WG.VS_PROTETTE_MN_PT';'Database Connections\WIZ_U32WG@GEODB-PUB.sde\WIZ_U32WG.VS_PROTETTE_PA';'Database Connections\WIZ_U32WG@GEODB-PUB.sde\WIZ_U32WG.VS_PROTETTE_PA11_UW';'Database Connections\WIZ_U32WG@GEODB-PUB.sde\WIZ_U32WG.VS_PROTETTE_PAN11_UW';'Database Connections\WIZ_U32WG@GEODB-PUB.sde\WIZ_U32WG.VS_PROTETTE_RS_11_UW';'Database Connections\WIZ_U32WG@GEODB-PUB.sde\WIZ_U32WG.VS_PROTETTE_SIC';'Database Connections\WIZ_U32WG@GEODB-PUB.sde\WIZ_U32WG.VS_PROTETTE_ZPS';'Database Connections\WIZ_U32WG@GEODB-PUB.sde\WIZ_U32WG.VS_SIT_BACINI10KM';'Database Connections\WIZ_U32WG@GEODB-PUB.sde\WIZ_U32WG.VS_SIT_BACINI30HA';'Database Connections\WIZ_U32WG@GEODB-PUB.sde\WIZ_U32WG.VS_SIT_EMIBACINI30HA';'Database Connections\WIZ_U32WG@GEODB-PUB.sde\WIZ_U32WG.VS_SIT_FIUMI30';'Database Connections\WIZ_U32WG@GEODB-PUB.sde\WIZ_U32WG.VS_SINTESI_USO_POL';'Database Connections\WIZ_U32WG@GEODB-PUB.sde\WIZ_U32WG.VS_SINTESI_AER_PUN';'Database Connections\WIZ_U32WG@GEODB-PUB.sde\WIZ_U32WG.VS_SINTESI_AGR_POL';'Database Connections\WIZ_U32WG@GEODB-PUB.sde\WIZ_U32WG.VS_SINTESI_ASB_POL';'Database Connections\WIZ_U32WG@GEODB-PUB.sde\WIZ_U32WG.VS_SINTESI_ASL_POL';'Database Connections\WIZ_U32WG@GEODB-PUB.sde\WIZ_U32WG.VS_SINTESI_ASS_POL';'Database Connections\WIZ_U32WG@GEODB-PUB.sde\WIZ_U32WG.VS_SINTESI_BFI_POL';'Database Connections\WIZ_U32WG@GEODB-PUB.sde\WIZ_U32WG.VS_SINTESI_BGE_POL';'Database Connections\WIZ_U32WG@GEODB-PUB.sde\WIZ_U32WG.VS_SINTESI_CAM_POL';'Database Connections\WIZ_U32WG@GEODB-PUB.sde\WIZ_U32WG.VS_SINTESI_CLI_LIN';'Database Connections\WIZ_U32WG@GEODB-PUB.sde\WIZ_U32WG.VS_SINTESI_CMN_POL';'Database Connections\WIZ_U32WG@GEODB-PUB.sde\WIZ_U32WG.VS_SINTESI_CNL_LIN';'Database Connections\WIZ_U32WG@GEODB-PUB.sde\WIZ_U32WG.VS_SINTESI_DIN_POL';'Database Connections\WIZ_U32WG@GEODB-PUB.sde\WIZ_U32WG.VS_SINTESI_FER_LIN';'Database Connections\WIZ_U32WG@GEODB-PUB.sde\WIZ_U32WG.VS_SINTESI_FER_RG';'Database Connections\WIZ_U32WG@GEODB-PUB.sde\WIZ_U32WG.VS_SINTESI_IDR_LIN';'Database Connections\WIZ_U32WG@GEODB-PUB.sde\WIZ_U32WG.VS_SINTESI_LAI_POL';'Database Connections\WIZ_U32WG@GEODB-PUB.sde\WIZ_U32WG.VS_SINTESI_LIM_ARC';'Database Connections\WIZ_U32WG@GEODB-PUB.sde\WIZ_U32WG.VS_SINTESI_LIM_COM';'Database Connections\WIZ_U32WG@GEODB-PUB.sde\WIZ_U32WG.VS_SINTESI_LIM_PRO';'Database Connections\WIZ_U32WG@GEODB-PUB.sde\WIZ_U32WG.VS_SINTESI_LIM_PRO_TEST';'Database Connections\WIZ_U32WG@GEODB-PUB.sde\WIZ_U32WG.VS_SINTESI_MED_POL';'Database Connections\WIZ_U32WG@GEODB-PUB.sde\WIZ_U32WG.VS_SINTESI_PRC_POL';'Database Connections\WIZ_U32WG@GEODB-PUB.sde\WIZ_U32WG.VS_SINTESI_REG_POL';'Database Connections\WIZ_U32WG@GEODB-PUB.sde\WIZ_U32WG.VS_SINTESI_SEN_POL';'Database Connections\WIZ_U32WG@GEODB-PUB.sde\WIZ_U32WG.VS_SINTESI_SFONDORG';'Database Connections\WIZ_U32WG@GEODB-PUB.sde\WIZ_U32WG.VS_SINTESI_SLL_POL';'Database Connections\WIZ_U32WG@GEODB-PUB.sde\WIZ_U32WG.VS_SINTESI_STR_LIN';'Database Connections\WIZ_U32WG@GEODB-PUB.sde\WIZ_U32WG.VS_SINTESI_STR_RG';'Database Connections\WIZ_U32WG@GEODB-PUB.sde\WIZ_U32WG.VS_SINTESI_STZ_PUN';'Database Connections\WIZ_U32WG@GEODB-PUB.sde\WIZ_U32WG.VS_SINTESI_URB_POL';'Database Connections\WIZ_U32WG@GEODB-PUB.sde\WIZ_U32WG.VS_SINTESI_URB_PUN';'Database Connections\WIZ_U32WG@GEODB-PUB.sde\WIZ_U32WG.VS_SINTESI_URB_RG' wsrlregisdownload GRANT #</Process><Process ToolSource="C:\Program Files (x86)\ArcGIS\Desktop10.0\ArcToolbox\Toolboxes\Data Management Tools.tbx\ChangePrivileges" Date="20130212" Time="104614">ChangePrivileges 'Database Connections\WIZ_U32WG@GEODB-PUB.sde\WIZ_U32WG.VS_PROTETTE_MN_PL';'Database Connections\WIZ_U32WG@GEODB-PUB.sde\WIZ_U32WG.VS_PROTETTE_MN_PT';'Database Connections\WIZ_U32WG@GEODB-PUB.sde\WIZ_U32WG.VS_PROTETTE_PA';'Database Connections\WIZ_U32WG@GEODB-PUB.sde\WIZ_U32WG.VS_PROTETTE_PA11_UW';'Database Connections\WIZ_U32WG@GEODB-PUB.sde\WIZ_U32WG.VS_PROTETTE_PAN11_UW';'Database Connections\WIZ_U32WG@GEODB-PUB.sde\WIZ_U32WG.VS_PROTETTE_PLIS';'Database Connections\WIZ_U32WG@GEODB-PUB.sde\WIZ_U32WG.VS_PROTETTE_RS_11_UW';'Database Connections\WIZ_U32WG@GEODB-PUB.sde\WIZ_U32WG.VS_PROTETTE_SIC';'Database Connections\WIZ_U32WG@GEODB-PUB.sde\WIZ_U32WG.VS_PROTETTE_ZPS' wsrlregisdownload GRANT #</Process><Process ToolSource="c:\program files (x86)\arcgis\desktop10.2\ArcToolbox\Toolboxes\Data Management Tools.tbx\Copy" Date="20140314" Time="203327">Copy "Database Connections\WIZ_U32WG@GIS10P.sde\WIZ_U32WG.VS_PROTETTE_MN_PT" \\10.220.16.233\iit_share\DatiRL\sibio.32632.gdb\VS_PROTETTE_MN_PT FeatureClass</Process><Process ToolSource="c:\program files (x86)\arcgis\desktop10.2\ArcToolbox\Toolboxes\Data Management Tools.tbx\TruncateTable" Date="20141219" Time="095036">TruncateTable \\10.220.16.233\iit_share\DatiRL\sibio.32632.gdb\VS_PROTETTE_MN_PT</Process><Process ToolSource="c:\program files (x86)\arcgis\desktop10.3\ArcToolbox\Toolboxes\Data Management Tools.tbx\Append" Date="20151013" Time="040128">Append \\NETAPP02TRM\iit_share\DatiRL\sdeconnection\data\gis10p@wiz_u32wg.sde\WIZ_U32WG.VS_PROTETTE_MN_PT \\NETAPP02TRM\iit_share\DatiRL\sibio.32632.copy.gdb\vs_protette_mn_pt NO_TEST "COD_MN "COD_MN" true false false 5 Text 0 0 ,First,#,\\NETAPP02TRM\iit_share\DatiRL\sdeconnection\data\gis10p@wiz_u32wg.sde\WIZ_U32WG.VS_PROTETTE_MN_PT,COD_MN,-1,-1;NOME_MN "NOME_MN" true false false 50 Text 0 0 ,First,#,\\NETAPP02TRM\iit_share\DatiRL\sdeconnection\data\gis10p@wiz_u32wg.sde\WIZ_U32WG.VS_PROTETTE_MN_PT,NOME_MN,-1,-1;IND_MN "IND_MN" true false false 2 Short 0 0 ,First,#,\\NETAPP02TRM\iit_share\DatiRL\sdeconnection\data\gis10p@wiz_u32wg.sde\WIZ_U32WG.VS_PROTETTE_MN_PT,IND_MN,-1,-1;IDENT "IDENT" true false false 200 Text 0 0 ,First,#,\\NETAPP02TRM\iit_share\DatiRL\sdeconnection\data\gis10p@wiz_u32wg.sde\WIZ_U32WG.VS_PROTETTE_MN_PT,IDENT,-1,-1;COD_ENTE "COD_ENTE" true false false 50 Text 0 0 ,First,#,\\NETAPP02TRM\iit_share\DatiRL\sdeconnection\data\gis10p@wiz_u32wg.sde\WIZ_U32WG.VS_PROTETTE_MN_PT,COD_ENTE,-1,-1;NOME_ENTE "NOME_ENTE" true true false 254 Text 0 0 ,First,#,\\NETAPP02TRM\iit_share\DatiRL\sdeconnection\data\gis10p@wiz_u32wg.sde\WIZ_U32WG.VS_PROTETTE_MN_PT,NOME_ENTE,-1,-1;SEDE_ENTE "SEDE_ENTE" true true false 254 Text 0 0 ,First,#,\\NETAPP02TRM\iit_share\DatiRL\sdeconnection\data\gis10p@wiz_u32wg.sde\WIZ_U32WG.VS_PROTETTE_MN_PT,SEDE_ENTE,-1,-1;APPR_N "APPR_N" true false false 200 Text 0 0 ,First,#,\\NETAPP02TRM\iit_share\DatiRL\sdeconnection\data\gis10p@wiz_u32wg.sde\WIZ_U32WG.VS_PROTETTE_MN_PT,APPR_N,-1,-1;COD_PA "COD_PA" true false false 2 Short 0 0 ,First,#,\\NETAPP02TRM\iit_share\DatiRL\sdeconnection\data\gis10p@wiz_u32wg.sde\WIZ_U32WG.VS_PROTETTE_MN_PT,COD_PA,-1,-1;COD_PAN "COD_PAN" true false false 2 Short 0 0 ,First,#,\\NETAPP02TRM\iit_share\DatiRL\sdeconnection\data\gis10p@wiz_u32wg.sde\WIZ_U32WG.VS_PROTETTE_MN_PT,COD_PAN,-1,-1;COD_RS "COD_RS" true false false 2 Short 0 0 ,First,#,\\NETAPP02TRM\iit_share\DatiRL\sdeconnection\data\gis10p@wiz_u32wg.sde\WIZ_U32WG.VS_PROTETTE_MN_PT,COD_RS,-1,-1;ATTUA_MN "ATTUA_MN" true false false 2 Short 0 0 ,First,#,\\NETAPP02TRM\iit_share\DatiRL\sdeconnection\data\gis10p@wiz_u32wg.sde\WIZ_U32WG.VS_PROTETTE_MN_PT,ATTUA_MN,-1,-1;PIANO_N "PIANO_N" true false false 200 Text 0 0 ,First,#,\\NETAPP02TRM\iit_share\DatiRL\sdeconnection\data\gis10p@wiz_u32wg.sde\WIZ_U32WG.VS_PROTETTE_MN_PT,PIANO_N,-1,-1;PIANO_D "PIANO_D" true true false 8 Date 0 0 ,First,#,\\NETAPP02TRM\iit_share\DatiRL\sdeconnection\data\gis10p@wiz_u32wg.sde\WIZ_U32WG.VS_PROTETTE_MN_PT,PIANO_D,-1,-1;APPR_D "APPR_D" true true false 8 Date 0 0 ,First,#,\\NETAPP02TRM\iit_share\DatiRL\sdeconnection\data\gis10p@wiz_u32wg.sde\WIZ_U32WG.VS_PROTETTE_MN_PT,APPR_D,-1,-1;DATA_I "DATA_I" true true false 8 Date 0 0 ,First,#,\\NETAPP02TRM\iit_share\DatiRL\sdeconnection\data\gis10p@wiz_u32wg.sde\WIZ_U32WG.VS_PROTETTE_MN_PT,DATA_I,-1,-1;NOTE_MN "NOTE_MN" true false false 254 Text 0 0 ,First,#,\\NETAPP02TRM\iit_share\DatiRL\sdeconnection\data\gis10p@wiz_u32wg.sde\WIZ_U32WG.VS_PROTETTE_MN_PT,NOTE_MN,-1,-1" #</Process><Process ToolSource="c:\program files (x86)\arcgis\desktop10.3\ArcToolbox\Toolboxes\Data Management Tools.tbx\Copy" Date="20151016" Time="143523">Copy \\NETAPP02TRM\iit_share\DatiRL\sibio.32632.gdb\VS_PROTETTE_MN_PT X:\utility\copyLayerFromFgdbTOPub\wiz_u32wg_dest.sde\WIZ_U32WG.VS_PROTETTE_MN_PT FeatureClass</Process><Process ToolSource="c:\program files (x86)\arcgis\desktop10.3\ArcToolbox\Toolboxes\Data Management Tools.tbx\ChangePrivileges" Date="20151020" Time="183226">ChangePrivileges 'Database Connections\geodb-pub.lispa.local - wiz_u32wg.sde\WIZ_U32WG.VS_PISL_INTERVENTI';'Database Connections\geodb-pub.lispa.local - wiz_u32wg.sde\WIZ_U32WG.VS_PQ_CTR';'Database Connections\geodb-pub.lispa.local - wiz_u32wg.sde\WIZ_U32WG.VS_PR_CTR_09';'Database Connections\geodb-pub.lispa.local - wiz_u32wg.sde\WIZ_U32WG.VS_PRIM_COMUNI_RPT';'Database Connections\geodb-pub.lispa.local - wiz_u32wg.sde\WIZ_U32WG.VS_PROTETTE_MN_PL';'Database Connections\geodb-pub.lispa.local - wiz_u32wg.sde\WIZ_U32WG.VS_PROTETTE_MN_PT';'Database Connections\geodb-pub.lispa.local - wiz_u32wg.sde\WIZ_U32WG.VS_PROTETTE_PA';'Database Connections\geodb-pub.lispa.local - wiz_u32wg.sde\WIZ_U32WG.VS_PROTETTE_PA11';'Database Connections\geodb-pub.lispa.local - wiz_u32wg.sde\WIZ_U32WG.VS_PROTETTE_PA11_UW';'Database Connections\geodb-pub.lispa.local - wiz_u32wg.sde\WIZ_U32WG.VS_PROTETTE_PAN11_UW';'Database Connections\geodb-pub.lispa.local - wiz_u32wg.sde\WIZ_U32WG.VS_PROTETTE_PLIS';'Database Connections\geodb-pub.lispa.local - wiz_u32wg.sde\WIZ_U32WG.VS_PROTETTE_RS_11';'Database Connections\geodb-pub.lispa.local - wiz_u32wg.sde\WIZ_U32WG.VS_PROTETTE_RS_11_UW';'Database Connections\geodb-pub.lispa.local - wiz_u32wg.sde\WIZ_U32WG.VS_PROTETTE_SIC';'Database Connections\geodb-pub.lispa.local - wiz_u32wg.sde\WIZ_U32WG.VS_PROTETTE_ZPS';'Database Connections\geodb-pub.lispa.local - wiz_u32wg.sde\WIZ_U32WG.VS_PTCP_AMB_TUTELA';'Database Connections\geodb-pub.lispa.local - wiz_u32wg.sde\WIZ_U32WG.VS_PTCP_AMB_TUTELA_LINE';'Database Connections\geodb-pub.lispa.local - wiz_u32wg.sde\WIZ_U32WG.VS_PTCP_AMB_TUTELA_POINT';'Database Connections\geodb-pub.lispa.local - wiz_u32wg.sde\WIZ_U32WG.VS_PTCP_AMBAGR';'Database Connections\geodb-pub.lispa.local - wiz_u32wg.sde\WIZ_U32WG.VS_PTCP_AMBITI_GEOGRAFICI';'Database Connections\geodb-pub.lispa.local - wiz_u32wg.sde\WIZ_U32WG.VS_PTCP_ARCHEO_P';'Database Connections\geodb-pub.lispa.local - wiz_u32wg.sde\WIZ_U32WG.VS_PTCP_AREE_RIL_AMBIENTALE';'Database Connections\geodb-pub.lispa.local - wiz_u32wg.sde\WIZ_U32WG.VS_PTCP_AREE_TUT_LEGGE';'Database Connections\geodb-pub.lispa.local - wiz_u32wg.sde\WIZ_U32WG.VS_PTCP_CENTRI_STORICI';'Database Connections\geodb-pub.lispa.local - wiz_u32wg.sde\WIZ_U32WG.VS_PTCP_CENTURIAZIONI';'Database Connections\geodb-pub.lispa.local - wiz_u32wg.sde\WIZ_U32WG.VS_PTCP_CORRIDOI';'Database Connections\geodb-pub.lispa.local - wiz_u32wg.sde\WIZ_U32WG.VS_PTCP_ELEM_DEGR_PAES';'Database Connections\geodb-pub.lispa.local - wiz_u32wg.sde\WIZ_U32WG.VS_PTCP_ELEM_DEGR_PAES_POINT';'Database Connections\geodb-pub.lispa.local - wiz_u32wg.sde\WIZ_U32WG.VS_PTCP_ELEM_VAL_VISIVO';'Database Connections\geodb-pub.lispa.local - wiz_u32wg.sde\WIZ_U32WG.VS_PTCP_GEOSITI';'Database Connections\geodb-pub.lispa.local - wiz_u32wg.sde\WIZ_U32WG.VS_PTCP_GEOSITI_P';'Database Connections\geodb-pub.lispa.local - wiz_u32wg.sde\WIZ_U32WG.VS_PTCP_IDRO_ART';'Database Connections\geodb-pub.lispa.local - wiz_u32wg.sde\WIZ_U32WG.VS_PTCP_IDROMAN_ART';'Database Connections\geodb-pub.lispa.local - wiz_u32wg.sde\WIZ_U32WG.VS_PTCP_MOB_STRADE';'Database Connections\geodb-pub.lispa.local - wiz_u32wg.sde\WIZ_U32WG.VS_PTCP_NODI_REP';'Database Connections\geodb-pub.lispa.local - wiz_u32wg.sde\WIZ_U32WG.VS_PTCP_PERCORSI';'Database Connections\geodb-pub.lispa.local - wiz_u32wg.sde\WIZ_U32WG.VS_PTCP_POLARITA';'Database Connections\geodb-pub.lispa.local - wiz_u32wg.sde\WIZ_U32WG.VS_PTCP_POLI_SVIL_RG';'Database Connections\geodb-pub.lispa.local - wiz_u32wg.sde\WIZ_U32WG.VS_PTCP_POLI_SVIL_RG_POINT';'Database Connections\geodb-pub.lispa.local - wiz_u32wg.sde\WIZ_U32WG.VS_PTCP_PTI_PANORAMICI';'Database Connections\geodb-pub.lispa.local - wiz_u32wg.sde\WIZ_U32WG.VS_PTCP_RETE_METROPOL';'Database Connections\geodb-pub.lispa.local - wiz_u32wg.sde\WIZ_U32WG.VS_PTCP_RETE_ST_PRINC';'Database Connections\geodb-pub.lispa.local - wiz_u32wg.sde\WIZ_U32WG.VS_PTCP_SIST_RILEV_PAES_LINE';'Database Connections\geodb-pub.lispa.local - wiz_u32wg.sde\WIZ_U32WG.VS_PTCP_TERRAZZAMENTI';'Database Connections\geodb-pub.lispa.local - wiz_u32wg.sde\WIZ_U32WG.VS_PTCP_UN_PAESAGGIO';'Database Connections\geodb-pub.lispa.local - wiz_u32wg.sde\WIZ_U32WG.VS_PTCP_VAL_SIMBOL';'Database Connections\geodb-pub.lispa.local - wiz_u32wg.sde\WIZ_U32WG.VS_PTCP_VAL_SIMBOL_POL';'Database Connections\geodb-pub.lispa.local - wiz_u32wg.sde\WIZ_U32WG.VS_PTCP_VALGEO';'Database Connections\geodb-pub.lispa.local - wiz_u32wg.sde\WIZ_U32WG.VS_PTCP_VALGEO_LIN';'Database Connections\geodb-pub.lispa.local - wiz_u32wg.sde\WIZ_U32WG.VS_PTCP_VARCHI';'Database Connections\geodb-pub.lispa.local - wiz_u32wg.sde\WIZ_U32WG.VS_PTCP_ZONE_RIQ';'Database Connections\geodb-pub.lispa.local - wiz_u32wg.sde\WIZ_U32WG.VS_RER_SETTORI';'Database Connections\geodb-pub.lispa.local - wiz_u32wg.sde\WIZ_U32WG.VS_RG_CTR';'Database Connections\geodb-pub.lispa.local - wiz_u32wg.sde\WIZ_U32WG.VS_RI_CTR';'Database Connections\geodb-pub.lispa.local - wiz_u32wg.sde\WIZ_U32WG.VS_RO_CTR';'Database Connections\geodb-pub.lispa.local - wiz_u32wg.sde\WIZ_U32WG.VS_RS_CTR';'Database Connections\geodb-pub.lispa.local - wiz_u32wg.sde\WIZ_U32WG.VS_SA_CTR';'Database Connections\geodb-pub.lispa.local - wiz_u32wg.sde\WIZ_U32WG.VS_SIBA_AA';'Database Connections\geodb-pub.lispa.local - wiz_u32wg.sde\WIZ_U32WG.VS_SIBA_AI';'Database Connections\geodb-pub.lispa.local - wiz_u32wg.sde\WIZ_U32WG.VS_SIBA_BA';'Database Connections\geodb-pub.lispa.local - wiz_u32wg.sde\WIZ_U32WG.VS_SIBA_BA_LIN';'Database Connections\geodb-pub.lispa.local - wiz_u32wg.sde\WIZ_U32WG.VS_SIBA_BI';'Database Connections\geodb-pub.lispa.local - wiz_u32wg.sde\WIZ_U32WG.VS_SIBA_FI';'Database Connections\geodb-pub.lispa.local - wiz_u32wg.sde\WIZ_U32WG.VS_SIBA_GH';'Database Connections\geodb-pub.lispa.local - wiz_u32wg.sde\WIZ_U32WG.VS_SIBA_PO';'Database Connections\geodb-pub.lispa.local - wiz_u32wg.sde\WIZ_U32WG.VS_SIBA_VFI';'Database Connections\geodb-pub.lispa.local - wiz_u32wg.sde\WIZ_U32WG.VS_SIBA_VLI';'Database Connections\geodb-pub.lispa.local - wiz_u32wg.sde\WIZ_U32WG.VS_SIBA_ZU';'Database Connections\geodb-pub.lispa.local - wiz_u32wg.sde\WIZ_U32WG.VS_SIBA2_PP_ART17';'Database Connections\geodb-pub.lispa.local - wiz_u32wg.sde\WIZ_U32WG.VS_SIBA2_PP_ART18';'Database Connections\geodb-pub.lispa.local - wiz_u32wg.sde\WIZ_U32WG.VS_SIBITER_RETE_CANALI';'Database Connections\geodb-pub.lispa.local - wiz_u32wg.sde\WIZ_U32WG.VS_SINTESI_FER_LIN';'Database Connections\geodb-pub.lispa.local - wiz_u32wg.sde\WIZ_U32WG.VS_SINTESI_LAI_POL';'Database Connections\geodb-pub.lispa.local - wiz_u32wg.sde\WIZ_U32WG.VS_SINTESI_LIM_COM';'Database Connections\geodb-pub.lispa.local - wiz_u32wg.sde\WIZ_U32WG.VS_SINTESI_LIM_PRO';'Database Connections\geodb-pub.lispa.local - wiz_u32wg.sde\WIZ_U32WG.VS_SINTESI_STR_LIN';'Database Connections\geodb-pub.lispa.local - wiz_u32wg.sde\WIZ_U32WG.VS_SINTESI_URB_POL';'Database Connections\geodb-pub.lispa.local - wiz_u32wg.sde\WIZ_U32WG.VS_SINTESI_URB_PUN';'Database Connections\geodb-pub.lispa.local - wiz_u32wg.sde\WIZ_U32WG.VS_SIPIUI_NOMI_RIRU';'Database Connections\geodb-pub.lispa.local - wiz_u32wg.sde\WIZ_U32WG.VS_SIRENA_IMPIANTI';'Database Connections\geodb-pub.lispa.local - wiz_u32wg.sde\WIZ_U32WG.VS_SIRVAL_IF_AGG';'Database Connections\geodb-pub.lispa.local - wiz_u32wg.sde\WIZ_U32WG.VS_SIRVAL_IF_P_AGG';'Database Connections\geodb-pub.lispa.local - wiz_u32wg.sde\WIZ_U32WG.VS_SIRVAL_ML_AGG';'Database Connections\geodb-pub.lispa.local - wiz_u32wg.sde\WIZ_U32WG.VS_SIRVAL_MP_AGG';'Database Connections\geodb-pub.lispa.local - wiz_u32wg.sde\WIZ_U32WG.VS_SIRVAL_PF_AGG';'Database Connections\geodb-pub.lispa.local - wiz_u32wg.sde\WIZ_U32WG.VS_SIRVAL_PF_P_AGG';'Database Connections\geodb-pub.lispa.local - wiz_u32wg.sde\WIZ_U32WG.VS_SIRVAL_PL_AGG';'Database Connections\geodb-pub.lispa.local - wiz_u32wg.sde\WIZ_U32WG.VS_SIRVAL_PL_P_AGG';'Database Connections\geodb-pub.lispa.local - wiz_u32wg.sde\WIZ_U32WG.VS_SIRVAL_SV_AGG';'Database Connections\geodb-pub.lispa.local - wiz_u32wg.sde\WIZ_U32WG.VS_SIRVAL_VA_AGG';'Database Connections\geodb-pub.lispa.local - wiz_u32wg.sde\WIZ_U32WG.VS_SIRVAL_VF_AGG';'Database Connections\geodb-pub.lispa.local - wiz_u32wg.sde\WIZ_U32WG.VS_SIT_AUTOSTRADE';'Database Connections\geodb-pub.lispa.local - wiz_u32wg.sde\WIZ_U32WG.VS_SIT_BASI_ARC_ATTIV';'Database Connections\geodb-pub.lispa.local - wiz_u32wg.sde\WIZ_U32WG.VS_SIT_BASI_ARC_CIV';'Database Connections\geodb-pub.lispa.local - wiz_u32wg.sde\WIZ_U32WG.VS_SIT_BASI_ARC_FORT';'Database Connections\geodb-pub.lispa.local - wiz_u32wg.sde\WIZ_U32WG.VS_SIT_BASI_ARC_PRODUZ';'Database Connections\geodb-pub.lispa.local - wiz_u32wg.sde\WIZ_U32WG.VS_SIT_BASI_ARC_RELIG';'Database Connections\geodb-pub.lispa.local - wiz_u32wg.sde\WIZ_U32WG.VS_SIT_BASI_ARC_RURALE';'Database Connections\geodb-pub.lispa.local - wiz_u32wg.sde\WIZ_U32WG.VS_SIT_BASI_ARC_TURIST';'Database Connections\geodb-pub.lispa.local - wiz_u32wg.sde\WIZ_U32WG.VS_SIT_BASI_AREA_SP';'Database Connections\geodb-pub.lispa.local - wiz_u32wg.sde\WIZ_U32WG.VS_SIT_BASI_AREE_ARC';'Database Connections\geodb-pub.lispa.local - wiz_u32wg.sde\WIZ_U32WG.VS_SIT_BASI_AREE_GOLENALI';'Database Connections\geodb-pub.lispa.local - wiz_u32wg.sde\WIZ_U32WG.VS_SIT_BASI_AREE_PALUD';'Database Connections\geodb-pub.lispa.local - wiz_u32wg.sde\WIZ_U32WG.VS_SIT_BASI_ASPETTI_GEOMO';'Database Connections\geodb-pub.lispa.local - wiz_u32wg.sde\WIZ_U32WG.VS_SIT_BASI_BONIF';'Database Connections\geodb-pub.lispa.local - wiz_u32wg.sde\WIZ_U32WG.VS_SIT_BASI_CANALINAVIGABIL';'Database Connections\geodb-pub.lispa.local - wiz_u32wg.sde\WIZ_U32WG.VS_SIT_BASI_CAVE';'Database Connections\geodb-pub.lispa.local - wiz_u32wg.sde\WIZ_U32WG.VS_SIT_BASI_DISCAR';'Database Connections\geodb-pub.lispa.local - wiz_u32wg.sde\WIZ_U32WG.VS_SIT_BASI_ELEAREA';'Database Connections\geodb-pub.lispa.local - wiz_u32wg.sde\WIZ_U32WG.VS_SIT_BASI_ELEESO';'Database Connections\geodb-pub.lispa.local - wiz_u32wg.sde\WIZ_U32WG.VS_SIT_BASI_ELELIN';'Database Connections\geodb-pub.lispa.local - wiz_u32wg.sde\WIZ_U32WG.VS_SIT_BASI_ELEPUN';'Database Connections\geodb-pub.lispa.local - wiz_u32wg.sde\WIZ_U32WG.VS_SIT_BASI_FONTANILI_ATTIV';'Database Connections\geodb-pub.lispa.local - wiz_u32wg.sde\WIZ_U32WG.VS_SIT_BASI_GIARDINO';'Database Connections\geodb-pub.lispa.local - wiz_u32wg.sde\WIZ_U32WG.VS_SIT_BASI_IMP_TRA';'Database Connections\geodb-pub.lispa.local - wiz_u32wg.sde\WIZ_U32WG.VS_SIT_BASI_INSED_AB';'Database Connections\geodb-pub.lispa.local - wiz_u32wg.sde\WIZ_U32WG.VS_SIT_BASI_LITO';'Database Connections\geodb-pub.lispa.local - wiz_u32wg.sde\WIZ_U32WG.VS_SIT_BASI_LUOGHI_STO';'Database Connections\geodb-pub.lispa.local - wiz_u32wg.sde\WIZ_U32WG.VS_SIT_BASI_OPERE';'Database Connections\geodb-pub.lispa.local - wiz_u32wg.sde\WIZ_U32WG.VS_SIT_BASI_PERC_PAN';'Database Connections\geodb-pub.lispa.local - wiz_u32wg.sde\WIZ_U32WG.VS_SIT_BASI_PONTI1';'Database Connections\geodb-pub.lispa.local - wiz_u32wg.sde\WIZ_U32WG.VS_SIT_BASI_PUNTI_PAN';'Database Connections\geodb-pub.lispa.local - wiz_u32wg.sde\WIZ_U32WG.VS_SIT_BASI_RETE_FERR';'Database Connections\geodb-pub.lispa.local - wiz_u32wg.sde\WIZ_U32WG.VS_SIT_BASI_RETE_IRR';'Database Connections\geodb-pub.lispa.local - wiz_u32wg.sde\WIZ_U32WG.VS_SIT_BASI_RETE_STRADALE';'Database Connections\geodb-pub.lispa.local - wiz_u32wg.sde\WIZ_U32WG.VS_SIT_BASI_SIST_AGR';'Database Connections\geodb-pub.lispa.local - wiz_u32wg.sde\WIZ_U32WG.VS_SIT_BASI_SITI_CO';'Database Connections\geodb-pub.lispa.local - wiz_u32wg.sde\WIZ_U32WG.VS_SIT_BASI_SITI_PRE';'Database Connections\geodb-pub.lispa.local - wiz_u32wg.sde\WIZ_U32WG.VS_SIT_BASI_SOTTOAMB';'Database Connections\geodb-pub.lispa.local - wiz_u32wg.sde\WIZ_U32WG.VS_SIT_BASI_STAZ_FERR';'Database Connections\geodb-pub.lispa.local - wiz_u32wg.sde\WIZ_U32WG.VS_SIT_BASI_TRACCE_ORG';'Database Connections\geodb-pub.lispa.local - wiz_u32wg.sde\WIZ_U32WG.VS_SIT_BASI_USOSUOLO';'Database Connections\geodb-pub.lispa.local - wiz_u32wg.sde\WIZ_U32WG.VS_SIT_BASI_VEGETAZIONE';'Database Connections\geodb-pub.lispa.local - wiz_u32wg.sde\WIZ_U32WG.VS_SIT_CT10_AI_PRIN';'Database Connections\geodb-pub.lispa.local - wiz_u32wg.sde\WIZ_U32WG.VS_SIT_CT10_AI_SEC';'Database Connections\geodb-pub.lispa.local - wiz_u32wg.sde\WIZ_U32WG.VS_SIT_CT10_AR_MAE';'Database Connections\geodb-pub.lispa.local - wiz_u32wg.sde\WIZ_U32WG.VS_SIT_CT10_FERROVIA';'Database Connections\geodb-pub.lispa.local - wiz_u32wg.sde\WIZ_U32WG.VS_SIT_CT10_ID_PRINC';'Database Connections\geodb-pub.lispa.local - wiz_u32wg.sde\WIZ_U32WG.VS_SIT_CT10_ID_SEC';'Database Connections\geodb-pub.lispa.local - wiz_u32wg.sde\WIZ_U32WG.VS_SIT_CT10_LG';'Database Connections\geodb-pub.lispa.local - wiz_u32wg.sde\WIZ_U32WG.VS_SIT_CT10_SEDIME_AEROP';'Database Connections\geodb-pub.lispa.local - wiz_u32wg.sde\WIZ_U32WG.VS_SIT_CT10_STAZ_FERROVIE';'Database Connections\geodb-pub.lispa.local - wiz_u32wg.sde\WIZ_U32WG.VS_SIT_IDRO_1880';'Database Connections\geodb-pub.lispa.local - wiz_u32wg.sde\WIZ_U32WG.VS_SIT_IDRO_1930';'Database Connections\geodb-pub.lispa.local - wiz_u32wg.sde\WIZ_U32WG.VS_SIT_IDRO_1950';'Database Connections\geodb-pub.lispa.local - wiz_u32wg.sde\WIZ_U32WG.VS_SIT_IDRO_AREE_IDRICHE';'Database Connections\geodb-pub.lispa.local - wiz_u32wg.sde\WIZ_U32WG.VS_SIT_IDRO_ARGINI';'Database Connections\geodb-pub.lispa.local - wiz_u32wg.sde\WIZ_U32WG.VS_SIT_IDRO_ASTE_SEC';'Database Connections\geodb-pub.lispa.local - wiz_u32wg.sde\WIZ_U32WG.VS_SIT_IDRO_FONTAN';'Database Connections\geodb-pub.lispa.local - wiz_u32wg.sde\WIZ_U32WG.VS_SIT_IDRO_LAGHI';'Database Connections\geodb-pub.lispa.local - wiz_u32wg.sde\WIZ_U32WG.VS_SIT_IDRO_RETICOLO';'Database Connections\geodb-pub.lispa.local - wiz_u32wg.sde\WIZ_U32WG.VS_SIT_IDRO_STAZIONI';'Database Connections\geodb-pub.lispa.local - wiz_u32wg.sde\WIZ_U32WG.VS_SIT_INTERSEZIONI';'Database Connections\geodb-pub.lispa.local - wiz_u32wg.sde\WIZ_U32WG.VS_SIT_P_IGM_PUNTI';'Database Connections\geodb-pub.lispa.local - wiz_u32wg.sde\WIZ_U32WG.VS_SIT_P_IGM_PUNTI_MI';'Database Connections\geodb-pub.lispa.local - wiz_u32wg.sde\WIZ_U32WG.VS_SIT_PACSI_CARTA_PED_250K_13';'Database Connections\geodb-pub.lispa.local - wiz_u32wg.sde\WIZ_U32WG.VS_SIT_PACSI_CARTA_PED_50K';'Database Connections\geodb-pub.lispa.local - wiz_u32wg.sde\WIZ_U32WG.VS_SIT_PACSI_DISTRETTI_250K_13';'Database Connections\geodb-pub.lispa.local - wiz_u32wg.sde\WIZ_U32WG.VS_SIT_PACSI_PED_50K';'Database Connections\geodb-pub.lispa.local - wiz_u32wg.sde\WIZ_U32WG.VS_SIT_PACSI_PROVINCIE_250K_13';'Database Connections\geodb-pub.lispa.local - wiz_u32wg.sde\WIZ_U32WG.VS_SIT_STRADE_PRINCIPALI';'Database Connections\geodb-pub.lispa.local - wiz_u32wg.sde\WIZ_U32WG.VS_SIT_STRADE_SECONDARIE';'Database Connections\geodb-pub.lispa.local - wiz_u32wg.sde\WIZ_U32WG.VS_SO_CTR';'Database Connections\geodb-pub.lispa.local - wiz_u32wg.sde\WIZ_U32WG.VS_SPORT_CS';'Database Connections\geodb-pub.lispa.local - wiz_u32wg.sde\WIZ_U32WG.VS_STUDIOGEO_ALL4_PAI_2_PG';'Database Connections\geodb-pub.lispa.local - wiz_u32wg.sde\WIZ_U32WG.VS_STUDIOGEO_AR_EL_GP';'Database Connections\geodb-pub.lispa.local - wiz_u32wg.sde\WIZ_U32WG.VS_STUDIOGEO_FATTIBILITA_GP';'Database Connections\geodb-pub.lispa.local - wiz_u32wg.sde\WIZ_U32WG.VS_STUDIOGEO_ORI_PG_GP';'Database Connections\geodb-pub.lispa.local - wiz_u32wg.sde\WIZ_U32WG.VS_STUDIOGEO_ORI_PL_GP';'Database Connections\geodb-pub.lispa.local - wiz_u32wg.sde\WIZ_U32WG.VS_STUDIOGEO_ORI_PT_GP';'Database Connections\geodb-pub.lispa.local - wiz_u32wg.sde\WIZ_U32WG.VS_STUDIOGEO_PGT_AGG_PG_GP';'Database Connections\geodb-pub.lispa.local - wiz_u32wg.sde\WIZ_U32WG.VS_STUDIOGEO_PGT_AGG_PL_GP';'Database Connections\geodb-pub.lispa.local - wiz_u32wg.sde\WIZ_U32WG.VS_STUDIOGEO_PGT_AGG_PT_GP';'Database Connections\geodb-pub.lispa.local - wiz_u32wg.sde\WIZ_U32WG.VS_STUDIOGEO_SISMICA_L_GP';'Database Connections\geodb-pub.lispa.local - wiz_u32wg.sde\WIZ_U32WG.VS_STUDIOGEO_SISMICA_P_GP';'Database Connections\geodb-pub.lispa.local - wiz_u32wg.sde\WIZ_U32WG.VS_STUDIOGEO_STATO_PAI_GP';'Database Connections\geodb-pub.lispa.local - wiz_u32wg.sde\WIZ_U32WG.VS_SV_CTR';'Database Connections\geodb-pub.lispa.local - wiz_u32wg.sde\WIZ_U32WG.VS_UB_CTR';'Database Connections\geodb-pub.lispa.local - wiz_u32wg.sde\WIZ_U32WG.VS_VETE_ALTRE_STRUTTURE';'Database Connections\geodb-pub.lispa.local - wiz_u32wg.sde\WIZ_U32WG.VS_VETE_ALTRE_UNITA';'Database Connections\geodb-pub.lispa.local - wiz_u32wg.sde\WIZ_U32WG.VS_VETE_AMBULATORI';'Database Connections\geodb-pub.lispa.local - wiz_u32wg.sde\WIZ_U32WG.VS_VETE_AZIENDE';'Database Connections\geodb-pub.lispa.local - wiz_u32wg.sde\WIZ_U32WG.VS_VETE_CANILI';'Database Connections\geodb-pub.lispa.local - wiz_u32wg.sde\WIZ_U32WG.VS_VETE_COLONIE_FELINE';'Database Connections\geodb-pub.lispa.local - wiz_u32wg.sde\WIZ_U32WG.VS_VETE_MACELLI';'Database Connections\geodb-pub.lispa.local - wiz_u32wg.sde\WIZ_U32WG.VS_VETE_POSTAZIONI_APISTICHE' wsrlregisdownload GRANT #</Process><Process ToolSource="c:\program files (x86)\arcgis\desktop10.3\ArcToolbox\Toolboxes\Data Management Tools.tbx\ChangePrivileges" Date="20151026" Time="163810">ChangePrivileges 'Database Connections\GEODB-PUB@WIZ_U32WG.sde\WIZ_U32WG.AREE_P_AREE_PRIOR_BIO';'Database Connections\GEODB-PUB@WIZ_U32WG.sde\WIZ_U32WG.AREE_P_RER_COR_PRI_ALT_ANTR';'Database Connections\GEODB-PUB@WIZ_U32WG.sde\WIZ_U32WG.AREE_P_RER_COR_PRI_BASMOD_ANTR';'Database Connections\GEODB-PUB@WIZ_U32WG.sde\WIZ_U32WG.AREE_P_RER_ELEM_PRI_LIVEL';'Database Connections\GEODB-PUB@WIZ_U32WG.sde\WIZ_U32WG.AREE_P_RER_ELEM_SEC_LIVEL';'Database Connections\GEODB-PUB@WIZ_U32WG.sde\WIZ_U32WG.AREE_P_RER_VARCHI';'Database Connections\GEODB-PUB@WIZ_U32WG.sde\WIZ_U32WG.AREE_P_UTM_GRIGLIE10KM_FUSO32';'Database Connections\GEODB-PUB@WIZ_U32WG.sde\WIZ_U32WG.AREE_P_UTM_GRIGLIE10KM_FUSO33';'Database Connections\GEODB-PUB@WIZ_U32WG.sde\WIZ_U32WG.AREE_P_UTM_GRIGLIE2X2';'Database Connections\GEODB-PUB@WIZ_U32WG.sde\WIZ_U32WG.AREE_P_UTM_QUADRANTE';'Database Connections\GEODB-PUB@WIZ_U32WG.sde\WIZ_U32WG.CIR_TL_CIR_ZONECANALI_CLASS';'Database Connections\GEODB-PUB@WIZ_U32WG.sde\WIZ_U32WG.CIR_TL_CIR_ZONECANALI_GESTIONE';'Database Connections\GEODB-PUB@WIZ_U32WG.sde\WIZ_U32WG.CIR_TL_CIR_ZONEFIUME_CLASS';'Database Connections\GEODB-PUB@WIZ_U32WG.sde\WIZ_U32WG.CIR_TL_CIR_ZONEFIUME_COMITT';'Database Connections\GEODB-PUB@WIZ_U32WG.sde\WIZ_U32WG.CIR_TL_CIR_ZONEFIUME_GESTIONE';'Database Connections\GEODB-PUB@WIZ_U32WG.sde\WIZ_U32WG.CIR_TL_CIR_ZONELAGO_CLASS';'Database Connections\GEODB-PUB@WIZ_U32WG.sde\WIZ_U32WG.CIR_TL_CIR_ZONELAGO_GESTIONE';'Database Connections\GEODB-PUB@WIZ_U32WG.sde\WIZ_U32WG.COMMERCIO_TL_COM_DISTR_AREEDUC';'Database Connections\GEODB-PUB@WIZ_U32WG.sde\WIZ_U32WG.COMMERCIO_TL_COM_DISTR_COMP';'Database Connections\GEODB-PUB@WIZ_U32WG.sde\WIZ_U32WG.COMMERCIO_TL_COM_DISTR_CONFINI';'Database Connections\GEODB-PUB@WIZ_U32WG.sde\WIZ_U32WG.COMMERCIO_TL_COM_FIERE';'Database Connections\GEODB-PUB@WIZ_U32WG.sde\WIZ_U32WG.COMMERCIO_TL_COM_GSV';'Database Connections\GEODB-PUB@WIZ_U32WG.sde\WIZ_U32WG.COMMERCIO_TL_COM_IST';'Database Connections\GEODB-PUB@WIZ_U32WG.sde\WIZ_U32WG.COMMERCIO_TL_COM_MERCSTOR';'Database Connections\GEODB-PUB@WIZ_U32WG.sde\WIZ_U32WG.COMMERCIO_TL_COM_MERCSTOR_PT';'Database Connections\GEODB-PUB@WIZ_U32WG.sde\WIZ_U32WG.COMMERCIO_TL_COM_METANO';'Database Connections\GEODB-PUB@WIZ_U32WG.sde\WIZ_U32WG.COMMERCIO_TL_COM_NEGLOCSTOR';'Database Connections\GEODB-PUB@WIZ_U32WG.sde\WIZ_U32WG.COMMERCIO_TL_DISTR_CAPOFILA';'Database Connections\GEODB-PUB@WIZ_U32WG.sde\WIZ_U32WG.COMMERCIO_TL_DISTR_COMUNI';'Database Connections\GEODB-PUB@WIZ_U32WG.sde\WIZ_U32WG.COMMERCIO_TL_DISTRETTI';'Database Connections\GEODB-PUB@WIZ_U32WG.sde\WIZ_U32WG.DBEXT_TL_OSPEDALI';'Database Connections\GEODB-PUB@WIZ_U32WG.sde\WIZ_U32WG.DBEXT_TL_SCUOLE';'Database Connections\GEODB-PUB@WIZ_U32WG.sde\WIZ_U32WG.DBEXT_TL_STRUTTURE_SANITARIE';'Database Connections\GEODB-PUB@WIZ_U32WG.sde\WIZ_U32WG.DBEXT_UTM_TL_FASCIA_I';'Database Connections\GEODB-PUB@WIZ_U32WG.sde\WIZ_U32WG.DBEXT_UTM_TL_FONTANILI';'Database Connections\GEODB-PUB@WIZ_U32WG.sde\WIZ_U32WG.DBEXT_UTM_TL_R_CICLABILE_GZ';'Database Connections\GEODB-PUB@WIZ_U32WG.sde\WIZ_U32WG.DBEXT_UTM_TL_R_CICLABILE_TR';'Database Connections\GEODB-PUB@WIZ_U32WG.sde\WIZ_U32WG.DBEXT_UTM_TL_ZONIZZAZIONE';'Database Connections\GEODB-PUB@WIZ_U32WG.sde\WIZ_U32WG.DBTR_VS_BI_IND';'Database Connections\GEODB-PUB@WIZ_U32WG.sde\WIZ_U32WG.DBTR_VS_CR_EDF_IS';'Database Connections\GEODB-PUB@WIZ_U32WG.sde\WIZ_U32WG.DBTR_VS_ELE_CP';'Database Connections\GEODB-PUB@WIZ_U32WG.sde\WIZ_U32WG.DBTR_VS_FIL_AL';'Database Connections\GEODB-PUB@WIZ_U32WG.sde\WIZ_U32WG.DBTR_VS_MN_INT';'Database Connections\GEODB-PUB@WIZ_U32WG.sde\WIZ_U32WG.DBTR_VS_PALO';'Database Connections\GEODB-PUB@WIZ_U32WG.sde\WIZ_U32WG.ODS_TL_OPERE_FIUMI_PG';'Database Connections\GEODB-PUB@WIZ_U32WG.sde\WIZ_U32WG.ODS_TL_OPERE_FIUMI_PL';'Database Connections\GEODB-PUB@WIZ_U32WG.sde\WIZ_U32WG.ODS_TL_OPERE_UNIONE_PG';'Database Connections\GEODB-PUB@WIZ_U32WG.sde\WIZ_U32WG.PTPR_AMBITI_CRITICITA';'Database Connections\GEODB-PUB@WIZ_U32WG.sde\WIZ_U32WG.PTPR_AMBITI_TUTELA_LAGHI';'Database Connections\GEODB-PUB@WIZ_U32WG.sde\WIZ_U32WG.PTPR_FASCE_UNITA_PAESAGGIO';'Database Connections\GEODB-PUB@WIZ_U32WG.sde\WIZ_U32WG.PTPR_LUOGHI_IDENT_REG';'Database Connections\GEODB-PUB@WIZ_U32WG.sde\WIZ_U32WG.PTPR_PAESAGGI_AGRARI';'Database Connections\GEODB-PUB@WIZ_U32WG.sde\WIZ_U32WG.PTPR_SITI_UNESCO';'Database Connections\GEODB-PUB@WIZ_U32WG.sde\WIZ_U32WG.PTPR_TRACCIATI_GUIDA_PAESAGG';'Database Connections\GEODB-PUB@WIZ_U32WG.sde\WIZ_U32WG.PTPR_TUTELA_LAGHI_ART19_C5';'Database Connections\GEODB-PUB@WIZ_U32WG.sde\WIZ_U32WG.PTPR_VISUALI_SENSIB';'Database Connections\GEODB-PUB@WIZ_U32WG.sde\WIZ_U32WG.SIBA_TL_SIBA2_TUTELA_PO';'Database Connections\GEODB-PUB@WIZ_U32WG.sde\WIZ_U32WG.SITAB_GEO_UTM_PUNTI_TGL_BOSCO';'Database Connections\GEODB-PUB@WIZ_U32WG.sde\WIZ_U32WG.SITAB_TL_BOSCO_SEME';'Database Connections\GEODB-PUB@WIZ_U32WG.sde\WIZ_U32WG.STUDIOGEO_PAIF_A';'Database Connections\GEODB-PUB@WIZ_U32WG.sde\WIZ_U32WG.STUDIOGEO_PAIF_B';'Database Connections\GEODB-PUB@WIZ_U32WG.sde\WIZ_U32WG.STUDIOGEO_PAIF_C';'Database Connections\GEODB-PUB@WIZ_U32WG.sde\WIZ_U32WG.STUDIOGEO_PAIF_D';'Database Connections\GEODB-PUB@WIZ_U32WG.sde\WIZ_U32WG.STUDIOGEO_TL_FASCE_FLUVIALI';'Database Connections\GEODB-PUB@WIZ_U32WG.sde\WIZ_U32WG.TL_AGAPU_COMUN_FINANZ';'Database Connections\GEODB-PUB@WIZ_U32WG.sde\WIZ_U32WG.TL_AGAPU_SINT_UNITARIA';'Database Connections\GEODB-PUB@WIZ_U32WG.sde\WIZ_U32WG.TL_DA_PERIC_ACL';'Database Connections\GEODB-PUB@WIZ_U32WG.sde\WIZ_U32WG.TL_DA_PERIC_RP';'Database Connections\GEODB-PUB@WIZ_U32WG.sde\WIZ_U32WG.TL_DA_PERIC_RSCM';'Database Connections\GEODB-PUB@WIZ_U32WG.sde\WIZ_U32WG.TL_DA_PERIC_RSP';'Database Connections\GEODB-PUB@WIZ_U32WG.sde\WIZ_U32WG.TL_DA_RISC_ABIT';'Database Connections\GEODB-PUB@WIZ_U32WG.sde\WIZ_U32WG.TL_DA_RISC_POL';'Database Connections\GEODB-PUB@WIZ_U32WG.sde\WIZ_U32WG.TL_DA_RISC_PT';'Database Connections\GEODB-PUB@WIZ_U32WG.sde\WIZ_U32WG.TL_DBEXT_UTM_ID_DOC_IGT';'Database Connections\GEODB-PUB@WIZ_U32WG.sde\WIZ_U32WG.TL_GHIACCIAI';'Database Connections\GEODB-PUB@WIZ_U32WG.sde\WIZ_U32WG.TL_LUNGH_GHIACCIAI';'Database Connections\GEODB-PUB@WIZ_U32WG.sde\WIZ_U32WG.TL_PTCP_ARCHEO';'Database Connections\GEODB-PUB@WIZ_U32WG.sde\WIZ_U32WG.TL_PTCP_ELETEC_p';'Database Connections\GEODB-PUB@WIZ_U32WG.sde\WIZ_U32WG.TL_PTRA_AMB_TRASF_SOVRAC';'Database Connections\GEODB-PUB@WIZ_U32WG.sde\WIZ_U32WG.TL_PTRA_AMBITI';'Database Connections\GEODB-PUB@WIZ_U32WG.sde\WIZ_U32WG.TL_PTRA_INTERF_VIS_PAES';'Database Connections\GEODB-PUB@WIZ_U32WG.sde\WIZ_U32WG.TL_PTRA_RETE_CICL_REG_SOVRALOC';'Database Connections\GEODB-PUB@WIZ_U32WG.sde\WIZ_U32WG.TL_PTUA_AREE_RIC_ACQU_PROF';'Database Connections\GEODB-PUB@WIZ_U32WG.sde\WIZ_U32WG.TL_PTUA_AREE_RIS_INTEGRATIVE';'Database Connections\GEODB-PUB@WIZ_U32WG.sde\WIZ_U32WG.TL_PTUA_AREE_RIS_OTTIMALI';'Database Connections\GEODB-PUB@WIZ_U32WG.sde\WIZ_U32WG.TL_PTUA_MACROAREA_RIS_BI';'Database Connections\GEODB-PUB@WIZ_U32WG.sde\WIZ_U32WG.TL_PTUA_PUNTI_CAPTAZIONE';'Database Connections\GEODB-PUB@WIZ_U32WG.sde\WIZ_U32WG.TL_PTUA_VULNERABILITA_IDRO';'Database Connections\GEODB-PUB@WIZ_U32WG.sde\WIZ_U32WG.TL_SITI_CONTAM_BONIFIC';'Database Connections\GEODB-PUB@WIZ_U32WG.sde\WIZ_U32WG.VIEW2LINE';'Database Connections\GEODB-PUB@WIZ_U32WG.sde\WIZ_U32WG.VIEW2POLY';'Database Connections\GEODB-PUB@WIZ_U32WG.sde\WIZ_U32WG.VIEW2POLYAREE';'Database Connections\GEODB-PUB@WIZ_U32WG.sde\WIZ_U32WG.VIEW2POLYCO';'Database Connections\GEODB-PUB@WIZ_U32WG.sde\WIZ_U32WG.VIEW2POLYDGPV';'Database Connections\GEODB-PUB@WIZ_U32WG.sde\WIZ_U32WG.VS_AA_CTR';'Database Connections\GEODB-PUB@WIZ_U32WG.sde\WIZ_U32WG.VS_AC_CTR';'Database Connections\GEODB-PUB@WIZ_U32WG.sde\WIZ_U32WG.VS_AG_CTR';'Database Connections\GEODB-PUB@WIZ_U32WG.sde\WIZ_U32WG.VS_AGAPU_AN_SPAZIALE_8C';'Database Connections\GEODB-PUB@WIZ_U32WG.sde\WIZ_U32WG.VS_AGAPU_FUNZ_MORF_SOC4SI';'Database Connections\GEODB-PUB@WIZ_U32WG.sde\WIZ_U32WG.VS_AGAPU_FUNZ_MORF_SOC7C';'Database Connections\GEODB-PUB@WIZ_U32WG.sde\WIZ_U32WG.VS_AGAPU_IMP_URB1';'Database Connections\GEODB-PUB@WIZ_U32WG.sde\WIZ_U32WG.VS_AGAPU_IMPR_URB2';'Database Connections\GEODB-PUB@WIZ_U32WG.sde\WIZ_U32WG.VS_AGAPU_MORF_TERRITOR1';'Database Connections\GEODB-PUB@WIZ_U32WG.sde\WIZ_U32WG.VS_AGAPU_MORF_TERRITOR2';'Database Connections\GEODB-PUB@WIZ_U32WG.sde\WIZ_U32WG.VS_AGAPU_MORF_TERRITOR3';'Database Connections\GEODB-PUB@WIZ_U32WG.sde\WIZ_U32WG.VS_AGAPU_MORF_TERRITOR4';'Database Connections\GEODB-PUB@WIZ_U32WG.sde\WIZ_U32WG.VS_AGAPU_SIST_TERRITORIALI';'Database Connections\GEODB-PUB@WIZ_U32WG.sde\WIZ_U32WG.VS_AGRICOLE_ART43_DISSOLTI';'Database Connections\GEODB-PUB@WIZ_U32WG.sde\WIZ_U32WG.VS_AGRICOLTURA_AGRITURISMI';'Database Connections\GEODB-PUB@WIZ_U32WG.sde\WIZ_U32WG.VS_AR_CTR';'Database Connections\GEODB-PUB@WIZ_U32WG.sde\WIZ_U32WG.VS_AS_CTR';'Database Connections\GEODB-PUB@WIZ_U32WG.sde\WIZ_U32WG.VS_AT_CTR';'Database Connections\GEODB-PUB@WIZ_U32WG.sde\WIZ_U32WG.VS_BO_CTR';'Database Connections\GEODB-PUB@WIZ_U32WG.sde\WIZ_U32WG.VS_CF_CTR';'Database Connections\GEODB-PUB@WIZ_U32WG.sde\WIZ_U32WG.VS_CL_CTR';'Database Connections\GEODB-PUB@WIZ_U32WG.sde\WIZ_U32WG.VS_CN_CTR';'Database Connections\GEODB-PUB@WIZ_U32WG.sde\WIZ_U32WG.VS_CO_CTR09_GEN_DBT_ADER';'Database Connections\GEODB-PUB@WIZ_U32WG.sde\WIZ_U32WG.VS_CP_CTR';'Database Connections\GEODB-PUB@WIZ_U32WG.sde\WIZ_U32WG.VS_CR_CTR';'Database Connections\GEODB-PUB@WIZ_U32WG.sde\WIZ_U32WG.VS_CR_CTRN';'Database Connections\GEODB-PUB@WIZ_U32WG.sde\WIZ_U32WG.VS_CS_CTR';'Database Connections\GEODB-PUB@WIZ_U32WG.sde\WIZ_U32WG.VS_DBEXT_UTM_ASL_CR';'Database Connections\GEODB-PUB@WIZ_U32WG.sde\WIZ_U32WG.VS_DBEXT_UTM_COM_EXT';'Database Connections\GEODB-PUB@WIZ_U32WG.sde\WIZ_U32WG.VS_DBEXT_UTM_LIM_AMM';'Database Connections\GEODB-PUB@WIZ_U32WG.sde\WIZ_U32WG.VS_DBEXT_UTM_PROGRAMMI';'Database Connections\GEODB-PUB@WIZ_U32WG.sde\WIZ_U32WG.VS_DI_CTR';'Database Connections\GEODB-PUB@WIZ_U32WG.sde\WIZ_U32WG.VS_DUSAF1';'Database Connections\GEODB-PUB@WIZ_U32WG.sde\WIZ_U32WG.VS_DUSAF1_FILARI';'Database Connections\GEODB-PUB@WIZ_U32WG.sde\WIZ_U32WG.VS_DUSAF2';'Database Connections\GEODB-PUB@WIZ_U32WG.sde\WIZ_U32WG.VS_DUSAF2_ANNO_UW';'Database Connections\GEODB-PUB@WIZ_U32WG.sde\WIZ_U32WG.VS_DUSAF2_FILARI_UW';'Database Connections\GEODB-PUB@WIZ_U32WG.sde\WIZ_U32WG.VS_DUSAF3';'Database Connections\GEODB-PUB@WIZ_U32WG.sde\WIZ_U32WG.VS_DUSAF3_BOSCHI_UW';'Database Connections\GEODB-PUB@WIZ_U32WG.sde\WIZ_U32WG.VS_DUSAF3_FILARI';'Database Connections\GEODB-PUB@WIZ_U32WG.sde\WIZ_U32WG.VS_DUSAF4';'Database Connections\GEODB-PUB@WIZ_U32WG.sde\WIZ_U32WG.VS_DUSAF4_FILARI';'Database Connections\GEODB-PUB@WIZ_U32WG.sde\WIZ_U32WG.VS_DUSAFGAI_UW';'Database Connections\GEODB-PUB@WIZ_U32WG.sde\WIZ_U32WG.VS_EA_CTR';'Database Connections\GEODB-PUB@WIZ_U32WG.sde\WIZ_U32WG.VS_EL_CTR';'Database Connections\GEODB-PUB@WIZ_U32WG.sde\WIZ_U32WG.VS_EP_CTR';'Database Connections\GEODB-PUB@WIZ_U32WG.sde\WIZ_U32WG.VS_ERSAF_SUOLO80';'Database Connections\GEODB-PUB@WIZ_U32WG.sde\WIZ_U32WG.VS_FE_CTR';'Database Connections\GEODB-PUB@WIZ_U32WG.sde\WIZ_U32WG.VS_FE_CTR_2014';'Database Connections\GEODB-PUB@WIZ_U32WG.sde\WIZ_U32WG.VS_FE_CTRN';'Database Connections\GEODB-PUB@WIZ_U32WG.sde\WIZ_U32WG.VS_FE_CTRN_2014';'Database Connections\GEODB-PUB@WIZ_U32WG.sde\WIZ_U32WG.VS_FI_CTR';'Database Connections\GEODB-PUB@WIZ_U32WG.sde\WIZ_U32WG.VS_FILARI_GAI_UW';'Database Connections\GEODB-PUB@WIZ_U32WG.sde\WIZ_U32WG.VS_GEOAMB_AA_CTRGEO';'Database Connections\GEODB-PUB@WIZ_U32WG.sde\WIZ_U32WG.VS_GEOAMB_DV_GEO';'Database Connections\GEODB-PUB@WIZ_U32WG.sde\WIZ_U32WG.VS_GEOAMB_GD_GEO';'Database Connections\GEODB-PUB@WIZ_U32WG.sde\WIZ_U32WG.VS_GEOAMB_NU_CTRGEO';'Database Connections\GEODB-PUB@WIZ_U32WG.sde\WIZ_U32WG.VS_GEOAMB_RN_GEO';'Database Connections\GEODB-PUB@WIZ_U32WG.sde\WIZ_U32WG.VS_GEOAMB_RP_GEO';'Database Connections\GEODB-PUB@WIZ_U32WG.sde\WIZ_U32WG.VS_GEOAMB_XF_GEO';'Database Connections\GEODB-PUB@WIZ_U32WG.sde\WIZ_U32WG.VS_GEOSIRBEC_BENICULTUR_POL_GP';'Database Connections\GEODB-PUB@WIZ_U32WG.sde\WIZ_U32WG.VS_GEOSIRBEC_BENICULTUR_PUN_GP';'Database Connections\GEODB-PUB@WIZ_U32WG.sde\WIZ_U32WG.VS_GH_CTR';'Database Connections\GEODB-PUB@WIZ_U32WG.sde\WIZ_U32WG.VS_ID_CTR';'Database Connections\GEODB-PUB@WIZ_U32WG.sde\WIZ_U32WG.VS_ID_CTRN';'Database Connections\GEODB-PUB@WIZ_U32WG.sde\WIZ_U32WG.VS_IF_CTR';'Database Connections\GEODB-PUB@WIZ_U32WG.sde\WIZ_U32WG.VS_IF_CTRN';'Database Connections\GEODB-PUB@WIZ_U32WG.sde\WIZ_U32WG.VS_IP_CTR';'Database Connections\GEODB-PUB@WIZ_U32WG.sde\WIZ_U32WG.VS_IS_CTR';'Database Connections\GEODB-PUB@WIZ_U32WG.sde\WIZ_U32WG.VS_LC_CTR';'Database Connections\GEODB-PUB@WIZ_U32WG.sde\WIZ_U32WG.VS_LG_CTR';'Database Connections\GEODB-PUB@WIZ_U32WG.sde\WIZ_U32WG.VS_LO_CTR_09';'Database Connections\GEODB-PUB@WIZ_U32WG.sde\WIZ_U32WG.VS_LOCUS_PUNTI_NO_MUSEI_GP';'Database Connections\GEODB-PUB@WIZ_U32WG.sde\WIZ_U32WG.VS_MM_CTR';'Database Connections\GEODB-PUB@WIZ_U32WG.sde\WIZ_U32WG.VS_MM_CTR_2013';'Database Connections\GEODB-PUB@WIZ_U32WG.sde\WIZ_U32WG.VS_MM_CTRN';'Database Connections\GEODB-PUB@WIZ_U32WG.sde\WIZ_U32WG.VS_MM_CTRN_2013';'Database Connections\GEODB-PUB@WIZ_U32WG.sde\WIZ_U32WG.VS_MOS_AGRICOLO';'Database Connections\GEODB-PUB@WIZ_U32WG.sde\WIZ_U32WG.VS_MOS_AREE_ESTRATTIVE';'Database Connections\GEODB-PUB@WIZ_U32WG.sde\WIZ_U32WG.VS_MOS_BOSCHI';'Database Connections\GEODB-PUB@WIZ_U32WG.sde\WIZ_U32WG.VS_MOS_COMMERC_DIREZIONALE';'Database Connections\GEODB-PUB@WIZ_U32WG.sde\WIZ_U32WG.VS_MOS_CORPI_IDRICI';'Database Connections\GEODB-PUB@WIZ_U32WG.sde\WIZ_U32WG.VS_MOS_DEST_VIN_PRG_AREA_RI';'Database Connections\GEODB-PUB@WIZ_U32WG.sde\WIZ_U32WG.VS_MOS_DEST_VIN_PRG_NUCL_ST';'Database Connections\GEODB-PUB@WIZ_U32WG.sde\WIZ_U32WG.VS_MOS_DEST_VIN_SPECIF_PRG';'Database Connections\GEODB-PUB@WIZ_U32WG.sde\WIZ_U32WG.VS_MOS_DEST_VINC_AREE_SERV';'Database Connections\GEODB-PUB@WIZ_U32WG.sde\WIZ_U32WG.VS_MOS_DEST_VINC_IDROGEOLOG';'Database Connections\GEODB-PUB@WIZ_U32WG.sde\WIZ_U32WG.VS_MOS_DEST_VINC_LG_1089_39';'Database Connections\GEODB-PUB@WIZ_U32WG.sde\WIZ_U32WG.VS_MOS_DEST_VINC_LG_431_85';'Database Connections\GEODB-PUB@WIZ_U32WG.sde\WIZ_U32WG.VS_MOS_DEST_VINC_PAESAGGIST';'Database Connections\GEODB-PUB@WIZ_U32WG.sde\WIZ_U32WG.VS_MOS_INFRASTR_TRASP_AREAL';'Database Connections\GEODB-PUB@WIZ_U32WG.sde\WIZ_U32WG.VS_MOS_MODALITA_ATTUATIVE';'Database Connections\GEODB-PUB@WIZ_U32WG.sde\WIZ_U32WG.VS_MOS_PARCHI_URBANI';'Database Connections\GEODB-PUB@WIZ_U32WG.sde\WIZ_U32WG.VS_MOS_POLIFUNZIONALE';'Database Connections\GEODB-PUB@WIZ_U32WG.sde\WIZ_U32WG.VS_MOS_PRODUTTIVO';'Database Connections\GEODB-PUB@WIZ_U32WG.sde\WIZ_U32WG.VS_MOS_RESIDENZA';'Database Connections\GEODB-PUB@WIZ_U32WG.sde\WIZ_U32WG.VS_MOS_SERVIZI_LIV_COMUNALE';'Database Connections\GEODB-PUB@WIZ_U32WG.sde\WIZ_U32WG.VS_MOS_SERVIZI_LIV_SOVRACOM';'Database Connections\GEODB-PUB@WIZ_U32WG.sde\WIZ_U32WG.VS_MOS_TURISTICO_RICETTIVO';'Database Connections\GEODB-PUB@WIZ_U32WG.sde\WIZ_U32WG.VS_MOS_VERDE_PRIVATO';'Database Connections\GEODB-PUB@WIZ_U32WG.sde\WIZ_U32WG.VS_MOS_ZONE_GOLENALI';'Database Connections\GEODB-PUB@WIZ_U32WG.sde\WIZ_U32WG.VS_NC_CTR';'Database Connections\GEODB-PUB@WIZ_U32WG.sde\WIZ_U32WG.VS_PA_CTR';'Database Connections\GEODB-PUB@WIZ_U32WG.sde\WIZ_U32WG.VS_PG_CTR';'Database Connections\GEODB-PUB@WIZ_U32WG.sde\WIZ_U32WG.VS_PGT_AGRICOLE';'Database Connections\GEODB-PUB@WIZ_U32WG.sde\WIZ_U32WG.VS_PGT_AMB_DEG';'Database Connections\GEODB-PUB@WIZ_U32WG.sde\WIZ_U32WG.VS_PGT_AMB_TRAS';'Database Connections\GEODB-PUB@WIZ_U32WG.sde\WIZ_U32WG.VS_PGT_AMB_URB';'Database Connections\GEODB-PUB@WIZ_U32WG.sde\WIZ_U32WG.VS_PGT_AR_TRAS';'Database Connections\GEODB-PUB@WIZ_U32WG.sde\WIZ_U32WG.VS_PGT_AREE_DISMESSE';'Database Connections\GEODB-PUB@WIZ_U32WG.sde\WIZ_U32WG.VS_PGT_BENI_ES';'Database Connections\GEODB-PUB@WIZ_U32WG.sde\WIZ_U32WG.VS_PGT_IMP_PROG';'Database Connections\GEODB-PUB@WIZ_U32WG.sde\WIZ_U32WG.VS_PGT_NUC_ANT';'Database Connections\GEODB-PUB@WIZ_U32WG.sde\WIZ_U32WG.VS_PGT_UTM_COMUNE_ART13_CR';'Database Connections\GEODB-PUB@WIZ_U32WG.sde\WIZ_U32WG.VS_PGT_UTM_REC_AREE_CRI';'Database Connections\GEODB-PUB@WIZ_U32WG.sde\WIZ_U32WG.VS_PGT_UTM_REC_CORRIDOI';'Database Connections\GEODB-PUB@WIZ_U32WG.sde\WIZ_U32WG.VS_PGT_UTM_REC_NODI_RET';'Database Connections\GEODB-PUB@WIZ_U32WG.sde\WIZ_U32WG.VS_PISL_INTERVENTI';'Database Connections\GEODB-PUB@WIZ_U32WG.sde\WIZ_U32WG.VS_PROTETTE_MN_PL';'Database Connections\GEODB-PUB@WIZ_U32WG.sde\WIZ_U32WG.VS_PROTETTE_MN_PT';'Database Connections\GEODB-PUB@WIZ_U32WG.sde\WIZ_U32WG.VS_PROTETTE_PA11_UW';'Database Connections\GEODB-PUB@WIZ_U32WG.sde\WIZ_U32WG.VS_PROTETTE_PAN11_UW';'Database Connections\GEODB-PUB@WIZ_U32WG.sde\WIZ_U32WG.VS_PROTETTE_PLIS';'Database Connections\GEODB-PUB@WIZ_U32WG.sde\WIZ_U32WG.VS_PROTETTE_RS_11_UW';'Database Connections\GEODB-PUB@WIZ_U32WG.sde\WIZ_U32WG.VS_PROTETTE_RS_11_UW';'Database Connections\GEODB-PUB@WIZ_U32WG.sde\WIZ_U32WG.VS_PROTETTE_SIC';'Database Connections\GEODB-PUB@WIZ_U32WG.sde\WIZ_U32WG.VS_PROTETTE_ZPS';'Database Connections\GEODB-PUB@WIZ_U32WG.sde\WIZ_U32WG.VS_PTCP_AMBAGR';'Database Connections\GEODB-PUB@WIZ_U32WG.sde\WIZ_U32WG.VS_PTCP_ARCHEO_P';'Database Connections\GEODB-PUB@WIZ_U32WG.sde\WIZ_U32WG.VS_PTCP_AREE_RIL_AMBIENTALE';'Database Connections\GEODB-PUB@WIZ_U32WG.sde\WIZ_U32WG.VS_PTCP_CENTRI_STORICI';'Database Connections\GEODB-PUB@WIZ_U32WG.sde\WIZ_U32WG.VS_PTCP_CENTURIAZIONI';'Database Connections\GEODB-PUB@WIZ_U32WG.sde\WIZ_U32WG.VS_PTCP_CORRIDOI';'Database Connections\GEODB-PUB@WIZ_U32WG.sde\WIZ_U32WG.VS_PTCP_ELEM_DEGR_PAES_POINT';'Database Connections\GEODB-PUB@WIZ_U32WG.sde\WIZ_U32WG.VS_PTCP_ELEM_VAL_VISIVO';'Database Connections\GEODB-PUB@WIZ_U32WG.sde\WIZ_U32WG.VS_PTCP_GEOSITI';'Database Connections\GEODB-PUB@WIZ_U32WG.sde\WIZ_U32WG.VS_PTCP_GEOSITI_P';'Database Connections\GEODB-PUB@WIZ_U32WG.sde\WIZ_U32WG.VS_PTCP_POLI_SVIL_RG';'Database Connections\GEODB-PUB@WIZ_U32WG.sde\WIZ_U32WG.VS_PTCP_POLI_SVIL_RG_POINT';'Database Connections\GEODB-PUB@WIZ_U32WG.sde\WIZ_U32WG.VS_PTCP_PTI_PANORAMICI';'Database Connections\GEODB-PUB@WIZ_U32WG.sde\WIZ_U32WG.VS_PTCP_RETE_METROPOL';'Database Connections\GEODB-PUB@WIZ_U32WG.sde\WIZ_U32WG.VS_PTCP_RETE_ST_PRINC';'Database Connections\GEODB-PUB@WIZ_U32WG.sde\WIZ_U32WG.VS_PTCP_SIST_RILEV_PAES_LINE';'Database Connections\GEODB-PUB@WIZ_U32WG.sde\WIZ_U32WG.VS_PTCP_UN_PAESAGGIO';'Database Connections\GEODB-PUB@WIZ_U32WG.sde\WIZ_U32WG.VS_PTCP_VAL_SIMBOL';'Database Connections\GEODB-PUB@WIZ_U32WG.sde\WIZ_U32WG.VS_PTCP_VAL_SIMBOL_POL';'Database Connections\GEODB-PUB@WIZ_U32WG.sde\WIZ_U32WG.VS_PTCP_VALGEO';'Database Connections\GEODB-PUB@WIZ_U32WG.sde\WIZ_U32WG.VS_PTCP_VALGEO_LIN';'Database Connections\GEODB-PUB@WIZ_U32WG.sde\WIZ_U32WG.VS_PTPR_GEOSITI_E_OLTREPO_PAV';'Database Connections\GEODB-PUB@WIZ_U32WG.sde\WIZ_U32WG.VS_PTPR_GEOSITI_GEOGR_ART22_C3';'Database Connections\GEODB-PUB@WIZ_U32WG.sde\WIZ_U32WG.VS_PTPR_GEOSITI_GEOLOG_ART22C4';'Database Connections\GEODB-PUB@WIZ_U32WG.sde\WIZ_U32WG.VS_PTPR_GEOSITI_PALEO_ART22C5';'Database Connections\GEODB-PUB@WIZ_U32WG.sde\WIZ_U32WG.VS_PTPR_NAVIGLI_ART21_C5';'Database Connections\GEODB-PUB@WIZ_U32WG.sde\WIZ_U32WG.VS_PTPR_NAVIGLI_GRANDE_PAVESE';'Database Connections\GEODB-PUB@WIZ_U32WG.sde\WIZ_U32WG.VS_PTPR_NAVIGLIO_ART21_C4';'Database Connections\GEODB-PUB@WIZ_U32WG.sde\WIZ_U32WG.VS_RI_CTR';'Database Connections\GEODB-PUB@WIZ_U32WG.sde\WIZ_U32WG.VS_RO_CTR';'Database Connections\GEODB-PUB@WIZ_U32WG.sde\WIZ_U32WG.VS_RS_CTR';'Database Connections\GEODB-PUB@WIZ_U32WG.sde\WIZ_U32WG.VS_SA_CTR';'Database Connections\GEODB-PUB@WIZ_U32WG.sde\WIZ_U32WG.VS_SIBA_BA';'Database Connections\GEODB-PUB@WIZ_U32WG.sde\WIZ_U32WG.VS_SIBA_BA_LIN';'Database Connections\GEODB-PUB@WIZ_U32WG.sde\WIZ_U32WG.VS_SIBA_BI';'Database Connections\GEODB-PUB@WIZ_U32WG.sde\WIZ_U32WG.VS_SIBA_FI';'Database Connections\GEODB-PUB@WIZ_U32WG.sde\WIZ_U32WG.VS_SIBA_PO';'Database Connections\GEODB-PUB@WIZ_U32WG.sde\WIZ_U32WG.VS_SIBA_VFI';'Database Connections\GEODB-PUB@WIZ_U32WG.sde\WIZ_U32WG.VS_SIBA2_PP_ART17';'Database Connections\GEODB-PUB@WIZ_U32WG.sde\WIZ_U32WG.VS_SIBA2_PP_ART18';'Database Connections\GEODB-PUB@WIZ_U32WG.sde\WIZ_U32WG.VS_SINTESI_AER_PUN';'Database Connections\GEODB-PUB@WIZ_U32WG.sde\WIZ_U32WG.VS_SINTESI_ASL_POL';'Database Connections\GEODB-PUB@WIZ_U32WG.sde\WIZ_U32WG.VS_SINTESI_CLI_LIN';'Database Connections\GEODB-PUB@WIZ_U32WG.sde\WIZ_U32WG.VS_SINTESI_CNL_LIN';'Database Connections\GEODB-PUB@WIZ_U32WG.sde\WIZ_U32WG.VS_SINTESI_DIN_POL';'Database Connections\GEODB-PUB@WIZ_U32WG.sde\WIZ_U32WG.VS_SINTESI_FER_LIN';'Database Connections\GEODB-PUB@WIZ_U32WG.sde\WIZ_U32WG.VS_SINTESI_IDR_LIN';'Database Connections\GEODB-PUB@WIZ_U32WG.sde\WIZ_U32WG.VS_SINTESI_LAI_POL';'Database Connections\GEODB-PUB@WIZ_U32WG.sde\WIZ_U32WG.VS_SINTESI_MED_POL';'Database Connections\GEODB-PUB@WIZ_U32WG.sde\WIZ_U32WG.VS_SINTESI_PRC_POL';'Database Connections\GEODB-PUB@WIZ_U32WG.sde\WIZ_U32WG.VS_SINTESI_SFONDORG';'Database Connections\GEODB-PUB@WIZ_U32WG.sde\WIZ_U32WG.VS_SINTESI_SLL_POL';'Database Connections\GEODB-PUB@WIZ_U32WG.sde\WIZ_U32WG.VS_SINTESI_STR_LIN';'Database Connections\GEODB-PUB@WIZ_U32WG.sde\WIZ_U32WG.VS_SINTESI_STZ_PUN';'Database Connections\GEODB-PUB@WIZ_U32WG.sde\WIZ_U32WG.VS_SINTESI_URB_POL';'Database Connections\GEODB-PUB@WIZ_U32WG.sde\WIZ_U32WG.VS_SINTESI_URB_PUN';'Database Connections\GEODB-PUB@WIZ_U32WG.sde\WIZ_U32WG.VS_SINTESI_USO_POL';'Database Connections\GEODB-PUB@WIZ_U32WG.sde\WIZ_U32WG.VS_SIRVAL_IF_AGG';'Database Connections\GEODB-PUB@WIZ_U32WG.sde\WIZ_U32WG.VS_SIRVAL_ML_AGG';'Database Connections\GEODB-PUB@WIZ_U32WG.sde\WIZ_U32WG.VS_SIRVAL_MP_AGG';'Database Connections\GEODB-PUB@WIZ_U32WG.sde\WIZ_U32WG.VS_SIRVAL_PF_AGG';'Database Connections\GEODB-PUB@WIZ_U32WG.sde\WIZ_U32WG.VS_SIRVAL_PL_AGG';'Database Connections\GEODB-PUB@WIZ_U32WG.sde\WIZ_U32WG.VS_SIT_AR_RICARICA_GRUPPO_D';'Database Connections\GEODB-PUB@WIZ_U32WG.sde\WIZ_U32WG.VS_SIT_AUTOSTRADE';'Database Connections\GEODB-PUB@WIZ_U32WG.sde\WIZ_U32WG.VS_SIT_BACINI10KM';'Database Connections\GEODB-PUB@WIZ_U32WG.sde\WIZ_U32WG.VS_SIT_BACINI30HA';'Database Connections\GEODB-PUB@WIZ_U32WG.sde\WIZ_U32WG.VS_SIT_BASI_ARC_ATTIV';'Database Connections\GEODB-PUB@WIZ_U32WG.sde\WIZ_U32WG.VS_SIT_BASI_BONIF';'Database Connections\GEODB-PUB@WIZ_U32WG.sde\WIZ_U32WG.VS_SIT_BASI_CANALINAVIGABIL';'Database Connections\GEODB-PUB@WIZ_U32WG.sde\WIZ_U32WG.VS_SIT_BASI_USO_SUOLO';'Database Connections\GEODB-PUB@WIZ_U32WG.sde\WIZ_U32WG.VS_SIT_DUSAF_URBANO';'Database Connections\GEODB-PUB@WIZ_U32WG.sde\WIZ_U32WG.VS_SIT_EMIBACINI30HA';'Database Connections\GEODB-PUB@WIZ_U32WG.sde\WIZ_U32WG.VS_SIT_FIUMI30';'Database Connections\GEODB-PUB@WIZ_U32WG.sde\WIZ_U32WG.VS_SIT_GEO_250K';'Database Connections\GEODB-PUB@WIZ_U32WG.sde\WIZ_U32WG.VS_SIT_GEO_250K_F';'Database Connections\GEODB-PUB@WIZ_U32WG.sde\WIZ_U32WG.VS_SIT_GRANDI_DIGHE';'Database Connections\GEODB-PUB@WIZ_U32WG.sde\WIZ_U32WG.VS_SIT_INTERSEZIONI';'Database Connections\GEODB-PUB@WIZ_U32WG.sde\WIZ_U32WG.VS_SIT_ISOPACHE_GRUPPO_D';'Database Connections\GEODB-PUB@WIZ_U32WG.sde\WIZ_U32WG.VS_SIT_LIMITI_GRUPPO_D';'Database Connections\GEODB-PUB@WIZ_U32WG.sde\WIZ_U32WG.VS_SIT_PACSI_CARTA_PED_250K';'Database Connections\GEODB-PUB@WIZ_U32WG.sde\WIZ_U32WG.VS_SIT_PACSI_CARTA_PED_50K';'Database Connections\GEODB-PUB@WIZ_U32WG.sde\WIZ_U32WG.VS_SIT_SABBIOSITA_GRUPPO_D';'Database Connections\GEODB-PUB@WIZ_U32WG.sde\WIZ_U32WG.VS_SIT_ST_IDRO';'Database Connections\GEODB-PUB@WIZ_U32WG.sde\WIZ_U32WG.VS_SIT_STRADE_PRINCIPALI';'Database Connections\GEODB-PUB@WIZ_U32WG.sde\WIZ_U32WG.VS_SIT_STRADE_SECONDARIE';'Database Connections\GEODB-PUB@WIZ_U32WG.sde\WIZ_U32WG.VS_SIT_SUP_BASALE_GRUPPO_D';'Database Connections\GEODB-PUB@WIZ_U32WG.sde\WIZ_U32WG.VS_STUDIOGEO_AR_EL_GP';'Database Connections\GEODB-PUB@WIZ_U32WG.sde\WIZ_U32WG.VS_STUDIOGEO_AR_EL_GP_EXP';'Database Connections\GEODB-PUB@WIZ_U32WG.sde\WIZ_U32WG.VS_STUDIOGEO_FATT_GP_EXP';'Database Connections\GEODB-PUB@WIZ_U32WG.sde\WIZ_U32WG.VS_STUDIOGEO_FATTIBILITA_GP';'Database Connections\GEODB-PUB@WIZ_U32WG.sde\WIZ_U32WG.VS_STUDIOGEO_ORI_PG_GP';'Database Connections\GEODB-PUB@WIZ_U32WG.sde\WIZ_U32WG.VS_STUDIOGEO_ORI_PL_GP';'Database Connections\GEODB-PUB@WIZ_U32WG.sde\WIZ_U32WG.VS_STUDIOGEO_ORI_PT_GP';'Database Connections\GEODB-PUB@WIZ_U32WG.sde\WIZ_U32WG.VS_STUDIOGEO_PGT_AGG_PG_GP';'Database Connections\GEODB-PUB@WIZ_U32WG.sde\WIZ_U32WG.VS_STUDIOGEO_PGT_AGG_PG_GP_EXP';'Database Connections\GEODB-PUB@WIZ_U32WG.sde\WIZ_U32WG.VS_STUDIOGEO_PGT_AGG_PL_GP';'Database Connections\GEODB-PUB@WIZ_U32WG.sde\WIZ_U32WG.VS_STUDIOGEO_PGT_AGG_PL_GP_EXP';'Database Connections\GEODB-PUB@WIZ_U32WG.sde\WIZ_U32WG.VS_STUDIOGEO_PGT_AGG_PT_GP';'Database Connections\GEODB-PUB@WIZ_U32WG.sde\WIZ_U32WG.VS_STUDIOGEO_PGT_AGG_PT_GP_EXP';'Database Connections\GEODB-PUB@WIZ_U32WG.sde\WIZ_U32WG.VS_STUDIOGEO_SISMICA_L_GP';'Database Connections\GEODB-PUB@WIZ_U32WG.sde\WIZ_U32WG.VS_STUDIOGEO_SISMICA_P_GP';'Database Connections\GEODB-PUB@WIZ_U32WG.sde\WIZ_U32WG.VS_STUDIOGEO_STATO_PAI_GP' WSRLREGISDOWNLOAD GRANT #</Process></lineage><itemProps><itemLocation><linkage Sync="TRUE">file://\\V1WIN008868\C$\Users\agsadmin10\AppData\Local\Temp\rlregisextract\rlregisextract_gpserver\j6049d134c657435283712a0de094437a\scratch\zipfolder\WIZ_U32WG_VS_PROTETTE_MN_PT.shp</linkage><protocol Sync="TRUE">Local Area Network</protocol></itemLocation><itemName Sync="TRUE">WIZ_U32WG_VS_PROTETTE_MN_PT</itemName><imsContentType Sync="TRUE">002</imsContentType><itemSize Sync="TRUE">0.000</itemSize></itemProps><coordRef><type Sync="TRUE">Projected</type><geogcsn Sync="TRUE">GCS_WGS_1984</geogcsn><csUnits Sync="TRUE">Linear Unit: Meter (1.000000)</csUnits><projcsn Sync="TRUE">WGS_1984_UTM_Zone_32N</projcsn><peXml Sync="TRUE">&lt;ProjectedCoordinateSystem xsi:type='typens:ProjectedCoordinateSystem' xmlns:xsi='http://www.w3.org/2001/XMLSchema-instance' xmlns:xs='http://www.w3.org/2001/XMLSchema' xmlns:typens='http://www.esri.com/schemas/ArcGIS/10.8'&gt;&lt;WKT&gt;PROJCS[&amp;quot;WGS_1984_UTM_Zone_32N&amp;quot;,GEOGCS[&amp;quot;GCS_WGS_1984&amp;quot;,DATUM[&amp;quot;D_WGS_1984&amp;quot;,SPHEROID[&amp;quot;WGS_1984&amp;quot;,6378137.0,298.257223563]],PRIMEM[&amp;quot;Greenwich&amp;quot;,0.0],UNIT[&amp;quot;Degree&amp;quot;,0.0174532925199433]],PROJECTION[&amp;quot;Transverse_Mercator&amp;quot;],PARAMETER[&amp;quot;False_Easting&amp;quot;,500000.0],PARAMETER[&amp;quot;False_Northing&amp;quot;,0.0],PARAMETER[&amp;quot;Central_Meridian&amp;quot;,9.0],PARAMETER[&amp;quot;Scale_Factor&amp;quot;,0.9996],PARAMETER[&amp;quot;Latitude_Of_Origin&amp;quot;,0.0],UNIT[&amp;quot;Meter&amp;quot;,1.0],AUTHORITY[&amp;quot;EPSG&amp;quot;,32632]]&lt;/WKT&gt;&lt;XOrigin&gt;-5120900&lt;/XOrigin&gt;&lt;YOrigin&gt;-9998100&lt;/YOrigin&gt;&lt;XYScale&gt;450445547.3910538&lt;/XYScale&gt;&lt;ZOrigin&gt;-100000&lt;/ZOrigin&gt;&lt;ZScale&gt;10000&lt;/ZScale&gt;&lt;MOrigin&gt;-100000&lt;/MOrigin&gt;&lt;MScale&gt;10000&lt;/MScale&gt;&lt;XYTolerance&gt;0.001&lt;/XYTolerance&gt;&lt;ZTolerance&gt;0.001&lt;/ZTolerance&gt;&lt;MTolerance&gt;0.001&lt;/MTolerance&gt;&lt;HighPrecision&gt;true&lt;/HighPrecision&gt;&lt;WKID&gt;32632&lt;/WKID&gt;&lt;LatestWKID&gt;32632&lt;/LatestWKID&gt;&lt;/ProjectedCoordinateSystem&gt;</peXml></coordRef></DataProperties><SyncDate>20220726</SyncDate><SyncTime>11401100</SyncTime><ModDate>20220726</ModDate><ModTime>11401100</ModTime></Esri><dataIdInfo><envirDesc Sync="TRUE"> Version 6.2 (Build 9200) ; Esri ArcGIS 10.8.1.14378</envirDesc><dataLang><languageCode value="ita" Sync="TRUE"></languageCode><countryCode value="ITA" Sync="TRUE"></countryCode></dataLang><idCitation><resTitle Sync="TRUE">WIZ_U32WG_VS_PROTETTE_MN_PT</resTitle><presForm><PresFormCd value="005" Sync="TRUE"></PresFormCd></presForm></idCitation><spatRpType><SpatRepTypCd value="001" Sync="TRUE"></SpatRepTypCd></spatRpType></dataIdInfo><mdLang><languageCode value="ita" Sync="TRUE"></languageCode><countryCode value="ITA" Sync="TRUE"></countryCode></mdLang><distInfo><distFormat><formatName Sync="TRUE">Shapefile</formatName></distFormat><distTranOps><transSize Sync="TRUE">0.000</transSize></distTranOps></distInfo><mdHrLv><ScopeCd value="005" Sync="TRUE"></ScopeCd></mdHrLv><mdHrLvName Sync="TRUE">dataset</mdHrLvName><refSysInfo><RefSystem><refSysID><identCode code="32632" Sync="TRUE"></identCode><idCodeSpace Sync="TRUE">EPSG</idCodeSpace><idVersion Sync="TRUE">2.1(3.0.1)</idVersion></refSysID></RefSystem></refSysInfo><spatRepInfo><VectSpatRep><geometObjs Name="WIZ_U32WG_VS_PROTETTE_MN_PT"><geoObjTyp><GeoObjTypCd value="004" Sync="TRUE"></GeoObjTypCd></geoObjTyp><geoObjCnt Sync="TRUE">0</geoObjCnt></geometObjs><topLvl><TopoLevCd value="001" Sync="TRUE"></TopoLevCd></topLvl></VectSpatRep></spatRepInfo><spdoinfo><ptvctinf><esriterm Name="WIZ_U32WG_VS_PROTETTE_MN_PT"><efeatyp Sync="TRUE">Simple</efeatyp><efeageom code="1" Sync="TRUE"></efeageom><esritopo Sync="TRUE">FALSE</esritopo><efeacnt Sync="TRUE">0</efeacnt><spindex Sync="TRUE">FALSE</spindex><linrefer Sync="TRUE">FALSE</linrefer></esriterm></ptvctinf></spdoinfo><eainfo><detailed Name="WIZ_U32WG_VS_PROTETTE_MN_PT"><enttyp><enttypl Sync="TRUE">WIZ_U32WG_VS_PROTETTE_MN_PT</enttypl><enttypt Sync="TRUE">Feature Class</enttypt><enttypc Sync="TRUE">0</enttypc></enttyp><attr><attrlabl Sync="TRUE">FID</attrlabl><attalias Sync="TRUE">FID</attalias><attrtype Sync="TRUE">OID</attrtype><attwidth Sync="TRUE">4</attwidth><atprecis Sync="TRUE">0</atprecis><attscale Sync="TRUE">0</attscale><attrdef Sync="TRUE">Internal feature number.</attrdef><attrdefs Sync="TRUE">Esri</attrdefs><attrdomv><udom Sync="TRUE">Sequential unique whole numbers that are automatically generated.</udom></attrdomv></attr><attr><attrlabl Sync="TRUE">Shape</attrlabl><attalias Sync="TRUE">Shape</attalias><attrtype Sync="TRUE">Geometry</attrtype><attwidth Sync="TRUE">0</attwidth><atprecis Sync="TRUE">0</atprecis><attscale Sync="TRUE">0</attscale><attrdef Sync="TRUE">Feature geometry.</attrdef><attrdefs Sync="TRUE">Esri</attrdefs><attrdomv><udom Sync="TRUE">Coordinates defining the features.</udom></attrdomv></attr><attr><attrlabl Sync="TRUE">COD_MN</attrlabl><attalias Sync="TRUE">COD_MN</attalias><attrtype Sync="TRUE">String</attrtype><attwidth Sync="TRUE">5</attwidth><atprecis Sync="TRUE">0</atprecis><attscale Sync="TRUE">0</attscale></attr><attr><attrlabl Sync="TRUE">NOME_MN</attrlabl><attalias Sync="TRUE">NOME_MN</attalias><attrtype Sync="TRUE">String</attrtype><attwidth Sync="TRUE">50</attwidth><atprecis Sync="TRUE">0</atprecis><attscale Sync="TRUE">0</attscale></attr><attr><attrlabl Sync="TRUE">IND_MN</attrlabl><attalias Sync="TRUE">IND_MN</attalias><attrtype Sync="TRUE">Integer</attrtype><attwidth Sync="TRUE">5</attwidth><atprecis Sync="TRUE">5</atprecis><attscale Sync="TRUE">0</attscale></attr><attr><attrlabl Sync="TRUE">IDENT</attrlabl><attalias Sync="TRUE">IDENT</attalias><attrtype Sync="TRUE">String</attrtype><attwidth Sync="TRUE">200</attwidth><atprecis Sync="TRUE">0</atprecis><attscale Sync="TRUE">0</attscale></attr><attr><attrlabl Sync="TRUE">COD_ENTE</attrlabl><attalias Sync="TRUE">COD_ENTE</attalias><attrtype Sync="TRUE">String</attrtype><attwidth Sync="TRUE">50</attwidth><atprecis Sync="TRUE">0</atprecis><attscale Sync="TRUE">0</attscale></attr><attr><attrlabl Sync="TRUE">NOME_ENTE</attrlabl><attalias Sync="TRUE">NOME_ENTE</attalias><attrtype Sync="TRUE">String</attrtype><attwidth Sync="TRUE">254</attwidth><atprecis Sync="TRUE">0</atprecis><attscale Sync="TRUE">0</attscale></attr><attr><attrlabl Sync="TRUE">SEDE_ENTE</attrlabl><attalias Sync="TRUE">SEDE_ENTE</attalias><attrtype Sync="TRUE">String</attrtype><attwidth Sync="TRUE">254</attwidth><atprecis Sync="TRUE">0</atprecis><attscale Sync="TRUE">0</attscale></attr><attr><attrlabl Sync="TRUE">APPR_N</attrlabl><attalias Sync="TRUE">APPR_N</attalias><attrtype Sync="TRUE">String</attrtype><attwidth Sync="TRUE">200</attwidth><atprecis Sync="TRUE">0</atprecis><attscale Sync="TRUE">0</attscale></attr><attr><attrlabl Sync="TRUE">COD_PA</attrlabl><attalias Sync="TRUE">COD_PA</attalias><attrtype Sync="TRUE">Integer</attrtype><attwidth Sync="TRUE">5</attwidth><atprecis Sync="TRUE">5</atprecis><attscale Sync="TRUE">0</attscale></attr><attr><attrlabl Sync="TRUE">COD_PAN</attrlabl><attalias Sync="TRUE">COD_PAN</attalias><attrtype Sync="TRUE">Integer</attrtype><attwidth Sync="TRUE">5</attwidth><atprecis Sync="TRUE">5</atprecis><attscale Sync="TRUE">0</attscale></attr><attr><attrlabl Sync="TRUE">COD_RS</attrlabl><attalias Sync="TRUE">COD_RS</attalias><attrtype Sync="TRUE">Integer</attrtype><attwidth Sync="TRUE">5</attwidth><atprecis Sync="TRUE">5</atprecis><attscale Sync="TRUE">0</attscale></attr><attr><attrlabl Sync="TRUE">ATTUA_MN</attrlabl><attalias Sync="TRUE">ATTUA_MN</attalias><attrtype Sync="TRUE">Integer</attrtype><attwidth Sync="TRUE">5</attwidth><atprecis Sync="TRUE">5</atprecis><attscale Sync="TRUE">0</attscale></attr><attr><attrlabl Sync="TRUE">PIANO_N</attrlabl><attalias Sync="TRUE">PIANO_N</attalias><attrtype Sync="TRUE">String</attrtype><attwidth Sync="TRUE">200</attwidth><atprecis Sync="TRUE">0</atprecis><attscale Sync="TRUE">0</attscale></attr><attr><attrlabl Sync="TRUE">PIANO_D</attrlabl><attalias Sync="TRUE">PIANO_D</attalias><attrtype Sync="TRUE">Date</attrtype><attwidth Sync="TRUE">8</attwidth><atprecis Sync="TRUE">0</atprecis><attscale Sync="TRUE">0</attscale></attr><attr><attrlabl Sync="TRUE">APPR_D</attrlabl><attalias Sync="TRUE">APPR_D</attalias><attrtype Sync="TRUE">Date</attrtype><attwidth Sync="TRUE">8</attwidth><atprecis Sync="TRUE">0</atprecis><attscale Sync="TRUE">0</attscale></attr><attr><attrlabl Sync="TRUE">DATA_I</attrlabl><attalias Sync="TRUE">DATA_I</attalias><attrtype Sync="TRUE">Date</attrtype><attwidth Sync="TRUE">8</attwidth><atprecis Sync="TRUE">0</atprecis><attscale Sync="TRUE">0</attscale></attr><attr><attrlabl Sync="TRUE">NOTE_MN</attrlabl><attalias Sync="TRUE">NOTE_MN</attalias><attrtype Sync="TRUE">String</attrtype><attwidth Sync="TRUE">254</attwidth><atprecis Sync="TRUE">0</atprecis><attscale Sync="TRUE">0</attscale></attr></detailed></eainfo><mdDateSt Sync="TRUE">20220726</mdDateSt></metadata>
